<?xml version='1.0'?>
<home version='7000' exportFlags='17' name='ALTER_STC-v05.sh3d' camera='topCamera' wallHeight='250.0'>
  <environment groundColor='FFA8A8A8' skyColor='FFCCE4FC' lightColor='00D0D0D0'/>
  <observerCamera attribute='observerCamera' lens='PINHOLE' x='50.0' y='50.0' z='170.0' yaw='5.4977875' pitch='0.19634955' fieldOfView='1.0995575' time='1656849600000'/>
  <camera attribute='topCamera' lens='PINHOLE' x='531.8622' y='728.3424' z='269.12622' yaw='-16.388502' pitch='0.2499999' fieldOfView='1.0995575' time='1656849600000'/>
  <pieceOfFurniture catalogId='eTeks#chair2' name='Silla' creator='eTeks' model='3' x='86.82777' y='258.5092' angle='4.712389' width='48.600002' depth='49.9' height='80.0' modelSize='16429'/>
  <pieceOfFurniture catalogId='eTeks#chair2' name='Silla' creator='eTeks' model='3' x='151.93884' y='310.42587' angle='3.1415927' width='48.600002' depth='49.9' height='80.0' modelSize='16429'/>
  <pieceOfFurniture catalogId='eTeks#chair2' name='Silla' creator='eTeks' model='3' x='213.53363' y='253.17589' angle='1.5707964' width='48.600002' depth='49.9' height='80.0' modelSize='16429'/>
  <pieceOfFurniture catalogId='eTeks#chair2' name='Silla' creator='eTeks' model='3' x='146.91109' y='181.71669' width='48.600002' depth='49.9' height='80.0' modelSize='16429'/>
  <pieceOfFurniture name='sitMale02' model='5/sitMale02.obj' x='148.4029' y='209.31714' width='62.583626' depth='95.078735' height='144.46143' modelSize='779282'/>
  <pieceOfFurniture catalogId='eTeks#laptop' name='Portatil' creator='eTeks' model='7' x='147.24812' y='228.79073' elevation='77.0' angle='3.1415927' width='32.5' depth='35.5' height='19.2' modelSize='45826'/>
  <pieceOfFurniture name='SolarTC-v05-ALTER3' model='9/SolarTC-v05-ALTER3.obj' x='150.63284' y='253.88882' angle='4.712389' width='137.11752' depth='121.99999' height='226.2948' modelRotation='1 0 0 0 0 1 0 -1 0' modelSize='5880215'/>
  <room id='room-1c3b255e-17c3-4d42-8eeb-2473838e44fb' areaVisible='true' ceilingVisible='false'>
    <texture attribute='floorTexture' name='Azulejos Rojos' creator='eTeks' width='40.0' height='40.0' image='10'/>
    <point x='-2.5' y='103.55922'/>
    <point x='297.5' y='103.55922'/>
    <point x='297.5' y='403.5592'/>
    <point x='-2.5' y='403.55917'/>
  </room>
</home>