<?xml version='1.0'?>
<home version='7000' exportFlags='17' name='EchoCaya.sh3d' camera='topCamera' selectedLevel='level3' wallHeight='250.0'>
  <environment groundColor='FFFCFCFC' skyColor='FFFCFCFC' lightColor='00D0D0D0'/>
  <observerCamera attribute='observerCamera' lens='PINHOLE' x='298.05246' y='538.7339' z='553.8518' yaw='15.351358' pitch='0.5657931' fieldOfView='1.0995575' time='1596960000447' fixedSize='true'/>
  <camera attribute='topCamera' lens='PINHOLE' x='1316.5536' y='1051.8619' z='830.56537' yaw='-224.25372' pitch='0.40999994' fieldOfView='1.0995575' time='1596967200369'/>
  <level id='level0' name='Base' elevation='0.0' floorThickness='12.0' height='250.0' elevationIndex='0'/>
  <level id='level1' name='PrimerPiso' elevation='50.0' floorThickness='12.0' height='250.0' elevationIndex='0'/>
  <level id='level2' name='Dormitorio' elevation='288.0' floorThickness='1.0' height='250.0' elevationIndex='0'/>
  <level id='level3' name='Techo' elevation='412.0' floorThickness='0.10000001' height='250.0' elevationIndex='0'/>
  <pieceOfFurniture level='level1' catalogId='eTeks#shower' name='Plato de ducha' creator='eTeks' model='3' x='295.76526' y='824.5485' width='70.0' depth='110.00001' height='185.0' modelSize='21504' movable='false'/>
  <pieceOfFurniture level='level3' name='Roof' model='24/toitureArdoiseRouge.obj' x='215.00002' y='410.0' elevation='15.000001' pitch='6.2482786' width='330.0' depth='360.0' depthInPlan='363.5924' height='120.0' heightInPlan='108.50978' color='FF00470D' modelSize='214354'/>
  <pieceOfFurniture level='level3' name='Roof' model='24/toitureArdoiseRouge.obj' x='485.0' y='460.0' elevation='40.0' pitch='6.1086526' width='270.0' depth='240.0' depthInPlan='255.31966' height='120.0' heightInPlan='80.30525' color='FF00470D' modelSize='214354'/>
  <pieceOfFurniture level='level3' name='Roof' model='24/toitureArdoiseRouge.obj' x='485.0' y='700.0' elevation='40.0' angle='3.1415927' pitch='6.1086526' width='270.0' depth='240.0' depthInPlan='255.31966' height='120.0' heightInPlan='80.30525' modelMirrored='true' color='FF00470D' modelSize='214354'/>
  <pieceOfFurniture level='level3' name='Roof' model='24/toitureArdoiseRouge.obj' x='215.00002' y='750.0' elevation='15.000001' angle='3.1415927' pitch='6.2482786' width='330.0' depth='360.0' depthInPlan='363.5924' height='120.0' heightInPlan='108.50978' modelMirrored='true' color='FF00470D' modelSize='214354'/>
  <pieceOfFurniture level='level1' name='curveStaircase' model='50/curveStaircase.obj' x='247.97746' y='325.4965' angle='4.712389' width='80.0' depth='180.0' height='330.0' modelMirrored='true' modelSize='21512'/>
  <pieceOfFurniture level='level1' catalogId='eTeks#armchair2' name='Butaca' creator='eTeks' model='52' x='430.81543' y='437.19263' width='81.9' depth='80.0' height='79.1' modelSize='33509'/>
  <pieceOfFurniture level='level1' catalogId='eTeks#sofa2' name='Sofá' creator='eTeks' model='54' x='324.11526' y='582.9804' angle='4.712389' width='165.0' depth='85.0' height='70.0' modelSize='55383'/>
  <pieceOfFurniture level='level1' name='kitchenIsland' model='56/kitchenIsland.obj' x='195.69989' y='589.6362' angle='3.1415927' width='63.0' depth='180.0' height='80.0' modelSize='4739929'/>
  <pieceOfFurniture level='level1' catalogId='eTeks#fridgeFreezer' name='Combi' creator='eTeks' model='58' x='12.634125' y='470.69226' angle='4.712389' width='60.0' depth='60.0' height='170.0' modelSize='26363'/>
  <pieceOfFurniture level='level1' name='2DoorLowerCabinet' model='32/2DoorLowerCabinet.obj' x='14.046539' y='530.6922' angle='4.712389' width='60.0' depth='60.0' height='80.0' modelSize='673904'/>
  <pieceOfFurniture level='level1' name='kitchenSinkWithMarble' model='60/kitchenSinkWithMarble.obj' x='13.646606' y='585.6922' angle='4.712389' width='50.0' depth='60.0' height='105.0' modelSize='3988655'/>
  <pieceOfFurniture level='level1' name='2DoorLowerCabinet' model='32/2DoorLowerCabinet.obj' x='12.634125' y='635.6922' angle='4.712389' width='50.0' depth='60.0' height='80.0' modelSize='673904'/>
  <pieceOfFurniture level='level1' name='2DoorLowerCabinet' model='32/2DoorLowerCabinet.obj' x='13.034058' y='690.6922' angle='4.712389' width='60.0' depth='60.0' height='80.0' modelSize='673904'/>
  <pieceOfFurniture level='level1' catalogId='eTeks#chair2' name='Silla' creator='eTeks' model='62' x='194.68768' y='672.9673' angle='3.1415927' width='48.600002' depth='49.9' height='80.0' modelSize='16429'/>
  <pieceOfFurniture level='level1' catalogId='eTeks#chair2' name='Silla' creator='eTeks' model='62' x='193.49655' y='513.7418' width='48.600002' depth='49.9' height='80.0' modelSize='16429'/>
  <pieceOfFurniture level='level1' catalogId='eTeks#armchair2' name='Butaca' creator='eTeks' model='52' x='427.01544' y='721.7051' angle='3.1415927' width='81.9' depth='80.0' height='79.1' modelSize='33509'/>
  <pieceOfFurniture level='level1' name='fireplace2' model='64/fireplace2.obj' x='556.12555' y='584.40234' angle='1.5707964' width='121.0' depth='44.9' height='235.0' modelSize='285078'/>
  <pieceOfFurniture level='level1' name='wall-flat-tv' model='66/wall-flat-tv.obj' x='558.0653' y='584.3505' elevation='120.00001' angle='1.5707964' width='100.0' depth='10.0' height='60.0' modelSize='39049'/>
  <pieceOfFurniture level='level1' catalogId='eTeks#toiletUnit' name='Inodoro' creator='eTeks' model='68' x='123.07785' y='844.22314' angle='3.1415927' width='40.0' depth='70.0' height='62.0' modelSize='125874' movable='false'/>
  <pieceOfFurniture level='level1' name='2DoorUpperCabinet' model='26/2DoorUpperCabinet.obj' x='-4.440918' y='530.6922' elevation='160.0' angle='4.712389' width='60.0' depth='30.0' height='60.0' modelSize='351054'/>
  <pieceOfFurniture level='level1' name='2DoorUpperCabinet' model='26/2DoorUpperCabinet.obj' x='-4.5783997' y='570.6922' elevation='160.0' angle='4.712389' width='60.0' depth='30.0' height='60.0' modelSize='351054'/>
  <pieceOfFurniture level='level1' name='2DoorUpperCabinet' model='26/2DoorUpperCabinet.obj' x='-3.9909363' y='630.6922' elevation='160.0' angle='4.712389' width='60.0' depth='30.0' height='60.0' modelSize='351054'/>
  <pieceOfFurniture level='level1' name='2DoorUpperCabinet' model='26/2DoorUpperCabinet.obj' x='-3.4033813' y='690.6922' elevation='160.0' angle='4.712389' width='60.0' depth='30.0' height='60.0' modelSize='351054'/>
  <pieceOfFurniture level='level1' name='bathroom_vanity' model='70/bathroom_vanity.obj' x='205.00903' y='857.6449' angle='3.1415927' width='100.0' depth='40.0' height='200.0' modelSize='1240583'/>
  <pieceOfFurniture level='level2' catalogId='eTeks#shower' name='Plato de ducha' creator='eTeks' model='3' x='296.10278' y='827.3609' width='70.0' depth='110.0' height='185.0' modelSize='21504' movable='false'/>
  <pieceOfFurniture level='level2' catalogId='eTeks#toiletUnit' name='Inodoro' creator='eTeks' model='68' x='130.17151' y='846.24817' angle='3.1415927' width='40.0' depth='70.0' height='62.0' modelSize='125874' movable='false'/>
  <pieceOfFurniture level='level2' name='convertible-sofa-BZ-opened' model='72/convertible-sofa-BZ-opened.obj' x='-287.51663' y='816.71094' angle='4.712389' width='120.0' depth='190.0' height='50.0' modelSize='282219'/>
  <pieceOfFurniture level='level2' name='armoireLotus' model='74/armoireLotus.obj' x='122.07785' y='702.3174' angle='4.712389' width='110.0' depth='45.0' height='150.0' modelSize='43407'/>
  <pieceOfFurniture level='level2' name='convertible-sofa-BZ-opened' model='72/convertible-sofa-BZ-opened.obj' x='186.63339' y='573.28613' angle='4.712389' width='120.0' depth='190.0' height='50.0' modelSize='282219'/>
  <pieceOfFurniture level='level2' name='armoireLotus' model='74/armoireLotus.obj' x='-366.04166' y='505.6423' angle='4.712389' width='110.0' depth='45.0' height='150.0' modelSize='43407'/>
  <furnitureGroup level='level2' name='Grupo -4-' x='-196.6654' y='635.1338' angle='3.1415927' width='116.32341' depth='102.432434' height='107.0'>
    <pieceOfFurniture level='level2' name='officeChair3' model='44/officeChair3.obj' x='-190.04364' y='658.14984' angle='3.141588' width='55.9' depth='56.4' height='107.0' modelMirrored='true' color='FF060606' modelSize='453968'/>
    <pieceOfFurniture level='level2' catalogId='eTeks#laptop' name='Portatil' creator='eTeks' model='46' x='-173.15411' y='612.19934' elevation='70.0' angle='6.2831836' width='32.5' depth='35.5' height='19.2' modelMirrored='true' modelSize='45826'/>
    <pieceOfFurniture level='level2' catalogId='eTeks#desk' name='Escritorio' creator='eTeks' model='34' x='-193.50372' y='613.6621' angle='6.2831836' width='110.0' depth='40.0' height='70.0' modelSize='16760'/>
    <pieceOfFurniture level='level2' catalogId='eTeks#flatTV' name='TV Plana' creator='eTeks' model='48' x='-226.54285' y='612.20184' elevation='70.0' angle='5.4977856' width='50.0' depth='30.0' height='30.0' modelMirrored='true' modelSize='13041'/>
  </furnitureGroup>
  <furnitureGroup level='level2' name='Grupo -4-' x='403.34338' y='703.6323' angle='4.712389' width='116.3233' depth='102.43237' height='107.0'>
    <pieceOfFurniture level='level2' name='officeChair3' model='44/officeChair3.obj' x='380.32733' y='710.25415' angle='4.7123847' width='55.9' depth='56.4' height='107.0' modelMirrored='true' color='FF060606' modelSize='453968'/>
    <pieceOfFurniture level='level2' catalogId='eTeks#laptop' name='Portatil' creator='eTeks' model='46' x='426.27808' y='727.1436' elevation='70.0' angle='1.5707933' width='32.5' depth='35.5' height='19.2' modelMirrored='true' modelSize='45826'/>
    <pieceOfFurniture level='level2' catalogId='eTeks#desk' name='Escritorio' creator='eTeks' model='34' x='424.81506' y='706.79395' angle='1.5707933' width='110.0' depth='40.0' height='70.0' modelSize='16760'/>
    <pieceOfFurniture level='level2' catalogId='eTeks#flatTV' name='TV Plana' creator='eTeks' model='48' x='426.27527' y='673.75494' elevation='70.0' angle='0.7853958' width='50.0' depth='30.0' height='30.0' modelMirrored='true' modelSize='13041'/>
  </furnitureGroup>
  <doorOrWindow level='level2' catalogId='eTeks#fixedWindow85x123' name='Ventana fija' creator='eTeks' model='11' x='338.72784' y='827.47974' elevation='100.0' angle='4.712389' width='110.0' depth='1.00075' height='40.0' modelSize='2198' movable='false' cutOutShape='M0,0 v1 h1 v-1 z' wallCutOutOnBothSides='true'/>
  <doorOrWindow level='level2' catalogId='eTeks#serviceHatch' name='Agujero en la pared' creator='eTeks' model='38' x='195.49394' y='768.14606' angle='3.1416547' width='80.0' depth='1.00075' height='180.0' modelSize='2316' movable='false' cutOutShape='M0,0 v1 h1 v-1 z'/>
  <pieceOfFurniture level='level2' catalogId='eTeks#washbasinWithCabinet' name='Armario lavabo' creator='eTeks' model='76' x='200.5589' y='863.82983' width='50.0' depth='40.0' height='90.0' modelSize='66142' movable='false'/>
  <pieceOfFurniture level='level2' name='rectangularMirror' model='20/rectangularMirror.obj' x='201.70888' y='886.17975' elevation='100.0' angle='3.1415927' width='30.1' depth='0.6' height='42.100002' modelSize='14007'/>
  <doorOrWindow level='level1' catalogId='eTeks#serviceHatch' name='Agujero en la pared' creator='eTeks' model='38' x='196.8439' y='762.8799' angle='3.1415927' width='80.0' depth='1.00075' height='200.0' modelSize='2316' movable='false' cutOutShape='M0,0 v1 h1 v-1 z'/>
  <doorOrWindow level='level1' catalogId='eTeks#fixedWindow85x123' name='Ventana fija' creator='eTeks' model='11' x='338.4278' y='825.08984' elevation='160.0' angle='4.712389' width='115.0' depth='1.00075' height='50.0' modelSize='2198' movable='false' cutOutShape='M0,0 v1 h1 v-1 z' wallCutOutOnBothSides='true'/>
  <doorOrWindow level='level1' catalogId='eTeks#fixedWindow85x123' name='Ventana fija' creator='eTeks' model='11' x='519.26544' y='768.4424' angle='3.1415927' width='115.0' depth='1.00075' height='235.0' modelSize='2198' movable='false' cutOutShape='M0,0 v1 h1 v-1 z' wallCutOutOnBothSides='true'/>
  <doorOrWindow level='level1' catalogId='eTeks#fixedWindow85x123' name='Ventana fija' creator='eTeks' model='11' x='519.45294' y='396.69226' width='115.0' depth='1.00075' height='235.0' modelSize='2198' movable='false' cutOutShape='M0,0 v1 h1 v-1 z' wallCutOutOnBothSides='true'/>
  <doorOrWindow level='level1' catalogId='eTeks#fixedWindow85x123' name='Ventana fija' creator='eTeks' model='11' x='399.91537' y='396.69226' elevation='115.0' width='115.0' depth='1.00075' height='115.0' modelSize='2198' movable='false' cutOutShape='M0,0 v1 h1 v-1 z' wallCutOutOnBothSides='true'/>
  <doorOrWindow level='level1' catalogId='eTeks#fixedWindow85x123' name='Ventana fija' creator='eTeks' model='11' x='275.2654' y='277.39212' elevation='120.00001' angle='3.1415927' width='115.0' depth='1.00075' height='115.0' modelSize='2198' movable='false' cutOutShape='M0,0 v1 h1 v-1 z' wallCutOutOnBothSides='true'/>
  <doorOrWindow level='level1' catalogId='eTeks#fixedWindow85x123' name='Ventana fija' creator='eTeks' model='11' x='155.5404' y='277.39212' elevation='120.00001' angle='3.1415927' width='115.0' depth='1.00075' height='115.0' modelSize='2198' movable='false' cutOutShape='M0,0 v1 h1 v-1 z' wallCutOutOnBothSides='true'/>
  <doorOrWindow level='level1' catalogId='eTeks#fixedWindow85x123' name='Ventana fija' creator='eTeks' model='11' x='580.3155' y='462.44843' angle='1.5707964' width='115.0' depth='1.0' height='235.0' modelSize='2198' movable='false' cutOutShape='M0,0 v1 h1 v-1 z' wallCutOutOnBothSides='true'/>
  <doorOrWindow level='level1' catalogId='eTeks#fixedWindow85x123' name='Ventana fija' creator='eTeks' model='11' x='580.8154' y='702.29846' angle='1.5707964' width='115.0' depth='1.0' height='235.0' modelSize='2198' movable='false' cutOutShape='M0,0 v1 h1 v-1 z' wallCutOutOnBothSides='true'/>
  <doorOrWindow level='level1' catalogId='eTeks#serviceHatch' name='Agujero en la pared' creator='eTeks' model='38' x='-333.63712' y='770.2172' angle='3.1415927' width='100.0' depth='1.00075' height='220.00002' modelMirrored='true' modelSize='2316' movable='false' cutOutShape='M0,0 v1 h1 v-1 z'/>
  <doorOrWindow level='level2' catalogId='eTeks#fixedWindow85x123' name='Ventana fija' creator='eTeks' model='11' x='156.1127' y='278.70486' elevation='80.0' angle='3.1415927' width='110.0' depth='1.00075' height='75.0' modelSize='2198' movable='false' cutOutShape='M0,0 v1 h1 v-1 z' wallCutOutOnBothSides='true'/>
  <doorOrWindow level='level2' catalogId='eTeks#fixedWindow85x123' name='Ventana fija' creator='eTeks' model='11' x='274.04474' y='278.70486' elevation='80.0' angle='3.1415927' width='110.0' depth='1.00075' height='75.0' modelSize='2198' movable='false' cutOutShape='M0,0 v1 h1 v-1 z' wallCutOutOnBothSides='true'/>
  <doorOrWindow level='level2' catalogId='eTeks#fixedWindow85x123' name='Ventana fija' creator='eTeks' model='11' x='338.47784' y='338.00464' elevation='80.0' angle='4.712389' width='110.0' depth='1.00075' height='75.0' modelSize='2198' movable='false' cutOutShape='M0,0 v1 h1 v-1 z' wallCutOutOnBothSides='true'/>
  <doorOrWindow level='level2' catalogId='eTeks#fixedWindow85x123' name='Ventana fija' creator='eTeks' model='11' x='397.57812' y='396.4485' elevation='80.0' angle='3.1415927' width='110.0' depth='1.00075' height='80.0' modelSize='2198' movable='false' cutOutShape='M0,0 v1 h1 v-1 z' wallCutOutOnBothSides='true'/>
  <doorOrWindow level='level2' catalogId='eTeks#fixedWindow85x123' name='Ventana fija' creator='eTeks' model='11' x='461.52295' y='465.1879' elevation='80.0' angle='1.5707964' width='110.0' depth='1.00075' height='80.0' modelSize='2198' movable='false' cutOutShape='M0,0 v1 h1 v-1 z' wallCutOutOnBothSides='true'/>
  <doorOrWindow level='level2' catalogId='eTeks#roundDoorFrame' name='Marco de ouerta con arco semicircular' creator='eTeks' model='78' x='461.52295' y='581.15717' angle='1.5707964' width='110.0' depth='1.00075' height='200.0' modelSize='8848' movable='false' cutOutShape='M0,1 v-0.8 a0.5,0.2 0 1,1 1,0 v0.8 z' wallCutOutOnBothSides='true'/>
  <doorOrWindow level='level2' catalogId='eTeks#fixedWindow85x123' name='Ventana fija' creator='eTeks' model='11' x='461.62543' y='701.7504' elevation='80.0' angle='1.5707964' width='110.0' depth='1.00075' height='80.0' modelSize='2198' movable='false' cutOutShape='M0,0 v1 h1 v-1 z' wallCutOutOnBothSides='true'/>
  <doorOrWindow level='level2' catalogId='eTeks#fixedWindow85x123' name='Ventana fija' creator='eTeks' model='11' x='400.0313' y='768.851' elevation='80.0' angle='6.195492E-5' width='110.0' depth='1.00075' height='80.0' modelSize='2198' movable='false' cutOutShape='M0,0 v1 h1 v-1 z' wallCutOutOnBothSides='true'/>
  <doorOrWindow level='level2' catalogId='eTeks#serviceHatch' name='Agujero en la pared' creator='eTeks' model='38' x='200.30656' y='402.38364' angle='6.205241E-5' width='80.0' depth='1.00075' height='180.0' modelSize='2316' movable='false' cutOutShape='M0,0 v1 h1 v-1 z'/>
  <doorOrWindow level='level2' catalogId='eTeks#serviceHatch' name='Agujero en la pared' creator='eTeks' model='38' x='27.169172' y='766.8922' angle='3.1415927' width='80.0' depth='1.00075' height='180.0' modelSize='2316' movable='false' cutOutShape='M0,0 v1 h1 v-1 z'/>
  <pieceOfFurniture level='level2' catalogId='eTeks#shower' name='Plato de ducha' creator='eTeks' model='3' x='-107.62848' y='826.09845' width='70.0' depth='110.0' height='185.0' modelSize='21504' movable='false'/>
  <pieceOfFurniture level='level2' catalogId='eTeks#washbasinWithCabinet' name='Armario lavabo' creator='eTeks' model='76' x='50.458862' y='856.4923' width='50.0' depth='40.0' height='90.0' modelSize='66142' movable='false'/>
  <pieceOfFurniture level='level2' catalogId='eTeks#toiletUnit' name='Inodoro' creator='eTeks' model='68' x='-21.447205' y='841.9481' angle='3.1415927' width='40.0' depth='70.0' height='62.0' modelSize='125874' movable='false'/>
  <doorOrWindow level='level2' catalogId='eTeks#serviceHatch' name='Agujero en la pared' creator='eTeks' model='38' x='-22.79715' y='653.4559' angle='1.5707964' width='80.0' depth='1.00075' height='180.0' modelSize='2316' movable='false' cutOutShape='M0,0 v1 h1 v-1 z'/>
  <doorOrWindow level='level2' catalogId='eTeks#serviceHatch' name='Agujero en la pared' creator='eTeks' model='38' x='-22.516632' y='511.56836' angle='4.712389' width='80.0' depth='1.00075' height='180.0' modelSize='2316' movable='false' cutOutShape='M0,0 v1 h1 v-1 z'/>
  <doorOrWindow level='level2' catalogId='eTeks#fixedWindow85x123' name='Ventana fija' creator='eTeks' model='11' x='-209.9303' y='278.90485' elevation='80.0' angle='3.1415927' width='110.0' depth='1.00075' height='75.0' modelSize='2198' movable='false' cutOutShape='M0,0 v1 h1 v-1 z' wallCutOutOnBothSides='true'/>
  <doorOrWindow level='level2' catalogId='eTeks#fixedWindow85x123' name='Ventana fija' creator='eTeks' model='11' x='-329.88736' y='278.90485' elevation='80.0' width='110.0' depth='1.00075' height='75.0' modelSize='2198' movable='false' cutOutShape='M0,0 v1 h1 v-1 z' wallCutOutOnBothSides='true'/>
  <doorOrWindow level='level2' catalogId='eTeks#fixedWindow85x123' name='Ventana fija' creator='eTeks' model='11' x='-213.21783' y='884.1299' elevation='80.0' angle='3.1415927' width='110.0' depth='1.0' height='75.0' modelSize='2198' movable='false' cutOutShape='M0,0 v1 h1 v-1 z' wallCutOutOnBothSides='true'/>
  <doorOrWindow level='level2' catalogId='eTeks#fixedWindow85x123' name='Ventana fija' creator='eTeks' model='11' x='-333.1749' y='884.1299' elevation='80.0' width='110.0' depth='1.0' height='75.0' modelSize='2198' movable='false' cutOutShape='M0,0 v1 h1 v-1 z' wallCutOutOnBothSides='true'/>
  <pieceOfFurniture level='level3' name='Roof' model='24/toitureArdoiseRouge.obj' x='-174.99998' y='401.12128' elevation='15.0' pitch='6.2482786' width='450.0' depth='360.0' depthInPlan='363.5924' height='120.0' heightInPlan='108.50978' modelMirrored='true' color='FF00470D' modelSize='214354'/>
  <pieceOfFurniture level='level3' name='Roof' model='24/toitureArdoiseRouge.obj' x='-175.0' y='765.71375' elevation='15.0' angle='3.1415925' pitch='6.2482786' width='450.0' depth='360.0' depthInPlan='363.5924' height='120.0' heightInPlan='108.50978' color='FF00470D' modelSize='214354'/>
  <doorOrWindow level='level1' catalogId='eTeks#serviceHatch' name='Agujero en la pared' creator='eTeks' model='38' x='-208.84335' y='888.75446' angle='3.1415927' width='100.0' depth='1.00075' height='220.0' modelMirrored='true' modelSize='2316' movable='false' cutOutShape='M0,0 v1 h1 v-1 z'/>
  <doorOrWindow level='level1' catalogId='eTeks#serviceHatch' name='Agujero en la pared' creator='eTeks' model='38' x='-92.15585' y='888.75446' angle='3.1415927' width='100.0' depth='1.00075' height='220.0' modelMirrored='true' modelSize='2316' movable='false' cutOutShape='M0,0 v1 h1 v-1 z'/>
  <doorOrWindow level='level1' catalogId='eTeks#serviceHatch' name='Agujero en la pared' creator='eTeks' model='38' x='-333.63712' y='398.4672' angle='3.1415927' width='100.0' depth='1.00075' height='220.0' modelMirrored='true' modelSize='2316' movable='false' cutOutShape='M0,0 v1 h1 v-1 z'/>
  <doorOrWindow level='level1' catalogId='eTeks#serviceHatch' name='Agujero en la pared' creator='eTeks' model='38' x='-206.0621' y='279.16705' angle='1.7484555E-7' width='100.0' depth='1.00075' height='220.0' modelMirrored='true' modelSize='2316' movable='false' cutOutShape='M0,0 v1 h1 v-1 z'/>
  <doorOrWindow level='level1' catalogId='eTeks#serviceHatch' name='Agujero en la pared' creator='eTeks' model='38' x='-92.15585' y='279.16705' angle='1.7484555E-7' width='100.0' depth='1.00075' height='220.0' modelMirrored='true' modelSize='2316' movable='false' cutOutShape='M0,0 v1 h1 v-1 z'/>
  <doorOrWindow level='level1' catalogId='eTeks#serviceHatch' name='Agujero en la pared' creator='eTeks' model='38' x='-24.658508' y='343.20447' angle='4.712389' width='100.0' depth='1.00075' height='220.0' modelMirrored='true' modelSize='2316' movable='false' cutOutShape='M0,0 v1 h1 v-1 z'/>
  <doorOrWindow level='level1' catalogId='eTeks#serviceHatch' name='Agujero en la pared' creator='eTeks' model='38' x='-24.79602' y='821.61084' angle='1.5707964' width='100.0' depth='1.00075' height='220.0' modelMirrored='true' modelSize='2316' movable='false' cutOutShape='M0,0 v1 h1 v-1 z'/>
  <furnitureGroup level='level2' name='Grupo -4-' x='-196.3067' y='531.7013' width='116.32338' depth='102.43237' height='107.0'>
    <pieceOfFurniture level='level2' name='officeChair3' model='44/officeChair3.obj' x='-202.92853' y='508.68524' angle='6.283181' width='55.9' depth='56.4' height='107.0' modelMirrored='true' color='FF060606' modelSize='453968'/>
    <pieceOfFurniture level='level2' catalogId='eTeks#laptop' name='Portatil' creator='eTeks' model='46' x='-219.81793' y='554.6356' elevation='70.0' angle='3.1415896' width='32.5' depth='35.5' height='19.2' modelMirrored='true' modelSize='45826'/>
    <pieceOfFurniture level='level2' catalogId='eTeks#desk' name='Escritorio' creator='eTeks' model='34' x='-199.46832' y='553.1729' angle='3.1415896' width='110.0' depth='40.0' height='70.0' modelSize='16760'/>
    <pieceOfFurniture level='level2' catalogId='eTeks#flatTV' name='TV Plana' creator='eTeks' model='48' x='-166.42926' y='554.6332' elevation='70.0' angle='2.356192' width='50.0' depth='30.0' height='30.0' modelMirrored='true' modelSize='13041'/>
  </furnitureGroup>
  <pieceOfFurniture level='level2' name='armoireLotus' model='74/armoireLotus.obj' x='-366.12463' y='666.12366' angle='4.712389' width='110.0' depth='45.0' height='150.0' modelSize='43407'/>
  <pieceOfFurniture level='level2' name='convertible-sofa-BZ-opened' model='72/convertible-sofa-BZ-opened.obj' x='-287.2604' y='339.40485' angle='4.712389' width='120.0' depth='190.0' height='50.0' modelSize='282219'/>
  <doorOrWindow level='level1' catalogId='eTeks#fixedWindow85x123' name='Ventana fija' creator='eTeks' model='11' x='33.521667' y='277.84213' width='115.0' depth='1.00075' height='235.0' modelSize='2198' movable='false' cutOutShape='M0,0 v1 h1 v-1 z' wallCutOutOnBothSides='true'/>
  <doorOrWindow level='level1' catalogId='eTeks#fixedWindow85x123' name='Ventana fija' creator='eTeks' model='11' x='31.746643' y='887.4297' angle='3.1415927' width='115.0' depth='1.00075' height='235.0' modelSize='2198' movable='false' cutOutShape='M0,0 v1 h1 v-1 z' wallCutOutOnBothSides='true'/>
  <pieceOfFurniture level='level2' catalogId='eTeks#railing' name='Barandilla' creator='eTeks' model='28' x='520.2542' y='403.6864' angle='2.3841858E-7' width='114.0' depth='4.0' height='80.0' color='FF242424' modelSize='6781' movable='false'/>
  <pieceOfFurniture level='level2' catalogId='eTeks#railing' name='Barandilla' creator='eTeks' model='28' x='579.37366' y='474.511' angle='1.5707964' width='124.0' depth='4.0' height='80.0' color='FF242424' modelSize='6781' movable='false'/>
  <pieceOfFurniture level='level2' catalogId='eTeks#railing' name='Barandilla' creator='eTeks' model='28' x='579.3738' y='594.511' angle='1.5707964' width='116.0' depth='4.0' height='80.0' color='FF242424' modelSize='6781' movable='false'/>
  <pieceOfFurniture level='level2' catalogId='eTeks#railing' name='Barandilla' creator='eTeks' model='28' x='579.96643' y='707.2888' angle='1.5707964' width='108.0' depth='4.0' height='80.0' color='FF242424' modelSize='6781' movable='false'/>
  <pieceOfFurniture level='level2' catalogId='eTeks#railing' name='Barandilla' creator='eTeks' model='28' x='519.96643' y='759.386' angle='3.1415927' width='116.0' depth='3.0' height='80.0' color='FF242424' modelSize='6781' movable='false'/>
  <doorOrWindow level='level1' catalogId='eTeks#fixedWindow85x123' name='Ventana fija' creator='eTeks' model='11' x='400.2154' y='768.4424' elevation='115.0' width='115.0' depth='1.00075' height='115.0' modelSize='2198' movable='false' cutOutShape='M0,0 v1 h1 v-1 z' wallCutOutOnBothSides='true'/>
  <wall id='wall0' level='level2' xStart='339.5251' yStart='396.4485' xEnd='457.96918' yEnd='396.4485' height='190.0' thickness='1.0' pattern='hatchUp'>
    <texture attribute='leftSideTexture' name='osb' width='180.17595' height='120.00001' scale='0.75' image='80'/>
    <texture attribute='rightSideTexture' name='osb' width='180.17595' height='120.00001' scale='0.75' image='80'/>
  </wall>
  <wall id='wall1' level='level2' xStart='460.06915' yStart='768.85474' xEnd='340.86548' yEnd='768.84735' height='190.0' thickness='1.0' pattern='hatchUp'>
    <texture attribute='leftSideTexture' name='osb' width='180.17595' height='120.00001' image='80'/>
    <texture attribute='rightSideTexture' name='osb' width='180.17595' height='120.00001' scale='0.75' image='80'/>
  </wall>
  <wall id='wall2' level='level1' xStart='91.51532' yStart='763.0862' xEnd='91.51531' yEnd='883.0862' height='235.0' thickness='1.0' pattern='hatchUp'>
    <texture attribute='leftSideTexture' name='osb' width='180.17595' height='120.00001' scale='0.75' image='80'/>
    <texture attribute='rightSideTexture' name='osb' width='180.17595' height='120.00001' scale='0.75' image='80'/>
  </wall>
  <wall id='wall3' level='level1' xStart='-24.437485' yStart='887.4297' xEnd='335.5625' yEnd='887.4297' height='235.0' thickness='1.0' pattern='hatchUp'>
    <texture attribute='leftSideTexture' name='osb' width='180.17595' height='120.00001' scale='0.5' image='80'/>
    <texture attribute='rightSideTexture' name='osb' width='180.17595' height='120.00001' image='80'/>
  </wall>
  <wall id='wall4' level='level1' xStart='338.4278' yStart='767.8235' xEnd='338.4278' yEnd='887.3235' height='235.0' thickness='1.0' pattern='hatchUp'>
    <texture attribute='leftSideTexture' name='osb' width='180.17595' height='120.00001' scale='0.75' image='80'/>
    <texture attribute='rightSideTexture' name='osb' width='180.17595' height='120.00001' scale='0.75' image='80'/>
  </wall>
  <wall id='wall5' level='level1' xStart='338.2903' yStart='277.33615' xEnd='338.2903' yEnd='397.33615' height='235.0' thickness='1.0' pattern='hatchUp'>
    <texture attribute='leftSideTexture' name='osb' width='180.17595' height='120.00001' scale='0.75' image='80'/>
    <texture attribute='rightSideTexture' name='osb' width='180.17595' height='120.00001' scale='0.75' image='80'/>
  </wall>
  <wall id='wall6' level='level1' xStart='-21.434692' yStart='277.84213' xEnd='338.5653' yEnd='277.84213' height='235.0' thickness='1.0' pattern='hatchUp'>
    <texture attribute='leftSideTexture' name='osb' width='180.17595' height='120.00001' scale='0.5' image='80'/>
    <texture attribute='rightSideTexture' name='osb' width='180.17595' height='120.00001' image='80'/>
  </wall>
  <wall id='wall7' level='level2' xStart='95.562546' yStart='886.97974' xEnd='336.02783' yEnd='886.97974' height='160.0' thickness='1.0' pattern='hatchUp'>
    <texture attribute='leftSideTexture' name='osb' width='180.17595' height='120.00001' scale='0.5' image='80'/>
    <texture attribute='rightSideTexture' name='osb' width='180.17595' height='120.00001' image='80'/>
  </wall>
  <wall id='wall8' level='level2' xStart='338.72784' yStart='768.12366' xEnd='338.72784' yEnd='888.12366' height='190.0' heightAtEnd='160.0' thickness='1.0' pattern='hatchUp'>
    <texture attribute='leftSideTexture' name='osb' width='180.17595' height='120.00001' scale='0.75' image='80'/>
    <texture attribute='rightSideTexture' name='osb' width='180.17595' height='120.00001' scale='0.75' image='80'/>
  </wall>
  <wall id='wall9' level='level2' xStart='-22.887466' yStart='278.70486' xEnd='337.11255' yEnd='278.70486' height='160.0' thickness='1.0' pattern='hatchUp'>
    <texture attribute='leftSideTexture' name='osb' width='180.17595' height='120.00001' scale='0.5' image='80'/>
    <texture attribute='rightSideTexture' name='osb' width='180.17595' height='120.00001' image='80'/>
  </wall>
  <wall id='wall10' level='level2' xStart='338.47784' yStart='277.59875' xEnd='338.47784' yEnd='397.59875' height='160.0' heightAtEnd='190.0' thickness='1.0' pattern='hatchUp'>
    <texture attribute='leftSideTexture' name='osb' width='180.17595' height='120.00001' scale='0.75' image='80'/>
    <texture attribute='rightSideTexture' name='osb' width='180.17595' height='120.00001' scale='0.75' image='80'/>
  </wall>
  <wall id='wall11' level='level2' xStart='-22.940918' yStart='278.5237' xEnd='-22.940926' yEnd='399.71097' height='160.0' heightAtEnd='190.0' thickness='1.0' pattern='hatchUp'>
    <texture attribute='leftSideTexture' name='osb' width='180.17595' height='120.00001' scale='0.75' image='80'/>
    <texture attribute='rightSideTexture' name='osb' width='180.17595' height='120.00001' scale='0.75' image='80'/>
  </wall>
  <wall id='wall12' level='level1' xStart='580.8905' yStart='401.43613' xEnd='580.8905' yEnd='761.4361' height='235.0' thickness='1.0' pattern='hatchUp'>
    <texture attribute='leftSideTexture' name='osb' width='180.17595' height='120.00001' scale='0.75' image='80'/>
    <texture attribute='rightSideTexture' name='osb' width='180.17595' height='120.00001' scale='0.75' image='80'/>
  </wall>
  <wall id='wall13' level='level1' xStart='339.45007' yStart='396.69226' xEnd='579.4501' yEnd='396.69226' height='235.0' thickness='1.0' pattern='hatchUp'>
    <texture attribute='leftSideTexture' name='osb' width='180.17595' height='120.00001' scale='0.5' image='80'/>
    <texture attribute='rightSideTexture' name='osb' width='180.17595' height='120.00001' image='80'/>
  </wall>
  <wall id='wall14' level='level1' xStart='340.55017' yStart='768.4424' xEnd='580.5502' yEnd='768.4424' height='235.0' thickness='1.0' pattern='hatchUp'>
    <texture attribute='leftSideTexture' name='osb' width='180.17595' height='120.00001' scale='0.5' image='80'/>
    <texture attribute='rightSideTexture' name='osb' width='180.17595' height='120.00001' image='80'/>
  </wall>
  <wall id='wall15' level='level2' xStart='335.61914' yStart='768.1548' xEnd='95.619125' yEnd='768.1399' height='190.0' thickness='1.0' pattern='hatchUp'>
    <texture attribute='leftSideTexture' name='osb' width='180.17595' height='120.00001' image='80'/>
    <texture attribute='rightSideTexture' name='osb' width='180.17595' height='120.00001' scale='0.75' image='80'/>
  </wall>
  <wall id='wall16' level='level1' xStart='97.525024' yStart='762.8799' xEnd='337.52505' yEnd='762.8799' height='240.00002' thickness='1.0' pattern='hatchUp'>
    <texture attribute='leftSideTexture' name='osb' width='180.17595' height='120.00001' scale='0.5' image='80'/>
    <texture attribute='rightSideTexture' name='osb' width='180.17595' height='120.00001' image='80'/>
  </wall>
  <wall id='wall17' level='level1' xStart='-24.79602' yStart='764.861' xEnd='-24.79602' yEnd='884.861' height='235.0' thickness='1.0' pattern='hatchUp'>
    <texture attribute='leftSideTexture' name='osb' width='180.17595' height='120.00001' scale='0.75' image='80'/>
    <texture attribute='rightSideTexture' name='osb' width='180.17595' height='120.00001' scale='0.75' image='80'/>
  </wall>
  <wall id='wall18' level='level1' xStart='-30.062012' yStart='888.75446' xEnd='-270.06204' yEnd='888.75446' height='235.0' thickness='1.0' pattern='hatchUp'>
    <texture attribute='leftSideTexture' name='osb' width='180.17595' height='120.00001' image='80'/>
    <texture attribute='rightSideTexture' name='osb' width='180.17595' height='120.00001' scale='0.5' image='80'/>
  </wall>
  <wall id='wall19' level='level1' xStart='-271.7085' yStart='769.5983' xEnd='-271.7085' yEnd='889.0983' height='235.0' thickness='1.0' pattern='hatchUp'>
    <texture attribute='leftSideTexture' name='osb' width='180.17595' height='120.00001' scale='0.75' image='80'/>
    <texture attribute='rightSideTexture' name='osb' width='180.17595' height='120.00001' scale='0.75' image='80'/>
  </wall>
  <wall id='wall20' level='level1' xStart='-24.658508' yStart='283.67352' xEnd='-24.658508' yEnd='403.67352' height='235.0' thickness='1.0' pattern='hatchUp'>
    <texture attribute='leftSideTexture' name='osb' width='180.17595' height='120.00001' scale='0.75' image='80'/>
    <texture attribute='rightSideTexture' name='osb' width='180.17595' height='120.00001' scale='0.75' image='80'/>
  </wall>
  <wall id='wall21' level='level1' xStart='-271.571' yStart='279.11108' xEnd='-271.571' yEnd='399.11108' height='235.0' thickness='1.0' pattern='hatchUp'>
    <texture attribute='leftSideTexture' name='osb' width='180.17595' height='120.00001' scale='0.75' image='80'/>
    <texture attribute='rightSideTexture' name='osb' width='180.17595' height='120.00001' scale='0.75' image='80'/>
  </wall>
  <wall id='wall22' level='level1' xStart='-26.5307' yStart='279.16705' xEnd='-266.53073' yEnd='279.16705' height='235.0' thickness='1.0' pattern='hatchUp'>
    <texture attribute='leftSideTexture' name='osb' width='180.17595' height='120.00001' image='80'/>
    <texture attribute='rightSideTexture' name='osb' width='180.17595' height='120.00001' scale='0.5' image='80'/>
  </wall>
  <wall id='wall23' level='level1' xStart='-272.73077' yStart='398.4672' xEnd='-392.73077' yEnd='398.4672' height='235.0' thickness='1.0' pattern='hatchUp'>
    <texture attribute='leftSideTexture' name='osb' width='180.17595' height='120.00001' image='80'/>
    <texture attribute='rightSideTexture' name='osb' width='180.17595' height='120.00001' scale='0.5' image='80'/>
  </wall>
  <wall id='wall24' level='level2' xStart='90.91528' yStart='762.78613' xEnd='90.915276' yEnd='882.78613' height='190.0' heightAtEnd='160.0' thickness='1.0' pattern='hatchUp'>
    <texture attribute='leftSideTexture' name='osb' width='180.17595' height='120.00001' scale='0.75' image='80'/>
    <texture attribute='rightSideTexture' name='osb' width='180.17595' height='120.00001' scale='0.75' image='80'/>
  </wall>
  <wall id='wall25' level='level2' xStart='338.91296' yStart='402.39224' xEnd='98.91295' yEnd='402.37735' height='190.0' thickness='1.0' pattern='hatchUp'>
    <texture attribute='leftSideTexture' name='osb' width='180.17595' height='120.00001' image='80'/>
    <texture attribute='rightSideTexture' name='osb' width='180.17595' height='120.00001' scale='0.75' image='80'/>
  </wall>
  <wall id='wall26' level='level2' xStart='94.394165' yStart='766.8922' xEnd='-145.60585' yEnd='766.8922' height='190.0' thickness='1.0' pattern='hatchUp'>
    <texture attribute='leftSideTexture' name='osb' width='180.17595' height='120.00001' image='80'/>
    <texture attribute='rightSideTexture' name='osb' width='180.17595' height='120.00001' scale='0.75' image='80'/>
  </wall>
  <wall id='wall27' level='level2' xStart='-147.18117' yStart='884.19836' xEnd='92.81885' yEnd='884.19836' height='160.0' thickness='1.0' pattern='hatchUp'>
    <texture attribute='leftSideTexture' name='osb' width='180.17595' height='120.00001' scale='0.5' image='80'/>
    <texture attribute='rightSideTexture' name='osb' width='180.17595' height='120.00001' image='80'/>
  </wall>
  <wall id='wall28' level='level2' xStart='-148.79102' yStart='766.07996' xEnd='-148.79102' yEnd='886.07996' height='190.0' heightAtEnd='160.0' thickness='1.0' pattern='hatchUp'>
    <texture attribute='leftSideTexture' name='osb' width='180.17595' height='120.00001' scale='0.75' image='80'/>
    <texture attribute='rightSideTexture' name='osb' width='180.17595' height='120.00001' scale='0.75' image='80'/>
  </wall>
  <wall id='wall29' level='level2' xStart='-384.48743' yStart='278.90485' xEnd='-24.487427' yEnd='278.90485' height='160.0' thickness='1.0' pattern='hatchUp'>
    <texture attribute='leftSideTexture' name='osb' width='180.17595' height='120.00001' scale='0.5' image='80'/>
    <texture attribute='rightSideTexture' name='osb' width='180.17595' height='120.00001' image='80'/>
  </wall>
  <wall id='wall30' level='level2' xStart='-387.88745' yStart='884.8047' xEnd='-147.88744' yEnd='884.8047' height='160.0' thickness='1.0' pattern='hatchUp'>
    <texture attribute='leftSideTexture' name='osb' width='180.17595' height='120.00001' scale='0.5' image='80'/>
    <texture attribute='rightSideTexture' name='osb' width='180.17595' height='120.00001' image='80'/>
  </wall>
  <wall id='wall31' level='level2' xStart='-387.71255' yStart='583.4175' xEnd='-27.712555' yEnd='583.4175' height='240.00002' thickness='1.0' pattern='hatchUp'>
    <texture attribute='leftSideTexture' name='osb' width='180.17595' height='120.00001' scale='0.5' image='80'/>
    <texture attribute='rightSideTexture' name='osb' width='180.17595' height='120.00001' image='80'/>
  </wall>
  <wall id='wall32' level='level2' xStart='90.852875' yStart='761.5596' xEnd='90.852875' yEnd='581.5596' height='190.0' heightAtEnd='235.0' thickness='1.0' pattern='hatchUp'>
    <texture attribute='leftSideTexture' name='osb' width='180.17595' height='120.00001' scale='0.75' image='80'/>
    <texture attribute='rightSideTexture' name='osb' width='180.17595' height='120.00001' scale='0.75' image='80'/>
  </wall>
  <wall id='wall33' level='level2' xStart='91.13339' yStart='401.2633' xEnd='91.13339' yEnd='581.2633' height='190.0' heightAtEnd='235.0' thickness='1.0' pattern='hatchUp'>
    <texture attribute='leftSideTexture' name='osb' width='180.17595' height='120.00001' scale='0.75' image='80'/>
    <texture attribute='rightSideTexture' name='osb' width='180.17595' height='120.00001' scale='0.75' image='80'/>
  </wall>
  <wall id='wall34' level='level2' xStart='-22.79715' yStart='763.3345' xEnd='-22.79715' yEnd='583.3345' height='190.0' heightAtEnd='235.0' thickness='1.0' pattern='hatchUp'>
    <texture attribute='leftSideTexture' name='osb' width='180.17595' height='120.00001' scale='0.75' image='80'/>
    <texture attribute='rightSideTexture' name='osb' width='180.17595' height='120.00001' scale='0.75' image='80'/>
  </wall>
  <wall id='wall35' level='level2' xStart='-22.516632' yStart='401.51953' xEnd='-22.516632' yEnd='581.51953' height='190.0' heightAtEnd='235.0' thickness='1.0' pattern='hatchUp'>
    <texture attribute='leftSideTexture' name='osb' width='180.17595' height='120.00001' scale='0.75' image='80'/>
    <texture attribute='rightSideTexture' name='osb' width='180.17595' height='120.00001' scale='0.75' image='80'/>
  </wall>
  <wall id='wall36' level='level1' xStart='-27.128387' yStart='402.72952' xEnd='-27.128387' yEnd='762.72943' height='240.00002' thickness='1.0' pattern='hatchUp'>
    <texture attribute='leftSideTexture' name='osb' width='180.17595' height='120.00001' scale='0.75' image='80'/>
    <texture attribute='rightSideTexture' name='osb' width='180.17595' height='120.00001' scale='0.75' image='80'/>
  </wall>
  <wall id='wall37' level='level2' xStart='-389.32217' yStart='762.32214' xEnd='-389.32217' yEnd='582.32214' height='190.0' heightAtEnd='235.0' thickness='1.0' pattern='hatchUp'>
    <texture attribute='leftSideTexture' name='osb' width='180.17595' height='120.00001' scale='0.75' image='80'/>
    <texture attribute='rightSideTexture' name='osb' width='180.17595' height='120.00001' scale='0.75' image='80'/>
  </wall>
  <wall id='wall38' level='level2' xStart='-389.04166' yStart='402.02588' xEnd='-389.04166' yEnd='582.0259' height='190.0' heightAtEnd='235.0' thickness='1.0' pattern='hatchUp'>
    <texture attribute='leftSideTexture' name='osb' width='180.17595' height='120.00001' scale='0.75' image='80'/>
    <texture attribute='rightSideTexture' name='osb' width='180.17595' height='120.00001' scale='0.75' image='80'/>
  </wall>
  <wall id='wall39' level='level2' xStart='-389.25977' yStart='763.5487' xEnd='-389.25977' yEnd='883.5487' height='190.0' heightAtEnd='160.0' thickness='1.0' pattern='hatchUp'>
    <texture attribute='leftSideTexture' name='osb' width='180.17595' height='120.00001' scale='0.75' image='80'/>
    <texture attribute='rightSideTexture' name='osb' width='180.17595' height='120.00001' scale='0.75' image='80'/>
  </wall>
  <wall id='wall40' level='level2' xStart='-389.71597' yStart='278.2737' xEnd='-389.71597' yEnd='399.46097' height='160.0' heightAtEnd='190.0' thickness='1.0' pattern='hatchUp'>
    <texture attribute='leftSideTexture' name='osb' width='180.17595' height='120.00001' scale='0.75' image='80'/>
    <texture attribute='rightSideTexture' name='osb' width='180.17595' height='120.00001' scale='0.75' image='80'/>
  </wall>
  <wall id='wall41' level='level1' xStart='-273.83087' yStart='770.2172' xEnd='-393.83087' yEnd='770.2172' height='235.0' thickness='1.0' pattern='hatchUp'>
    <texture attribute='leftSideTexture' name='osb' width='180.17595' height='120.00001' image='80'/>
    <texture attribute='rightSideTexture' name='osb' width='180.17595' height='120.00001' scale='0.5' image='80'/>
  </wall>
  <wall id='wall42' level='level2' xStart='461.62543' yStart='762.72345' xEnd='461.62543' yEnd='581.4395' height='190.0' heightAtEnd='235.0' thickness='1.0' pattern='hatchUp'>
    <texture attribute='leftSideTexture' name='osb' width='180.17595' height='120.00001' scale='0.75' image='80'/>
    <texture attribute='rightSideTexture' name='osb' width='180.17595' height='120.00001' scale='0.75' image='80'/>
  </wall>
  <wall id='wall43' level='level2' xStart='461.52295' yStart='403.21722' xEnd='461.52295' yEnd='583.2172' height='190.0' heightAtEnd='235.0' thickness='1.0' pattern='hatchUp'>
    <texture attribute='leftSideTexture' name='osb' width='180.17595' height='120.00001' scale='0.75' image='80'/>
    <texture attribute='rightSideTexture' name='osb' width='180.17595' height='120.00001' scale='0.75' image='80'/>
  </wall>
  <room id='room-51474e5d-c5e5-4eec-b53c-755c3d1e1108' level='level1' ceilingVisible='false'>
    <texture attribute='floorTexture' name='Azulejos de Piedra' creator='eTeks' catalogId='eTeks#stoneTiles' width='60.0' height='40.0' image='79'/>
    <point x='95.15001' y='762.74677'/>
    <point x='335.15002' y='762.74677'/>
    <point x='335.15002' y='882.74677'/>
    <point x='95.15001' y='882.74677'/>
  </room>
  <room id='room-d6022405-257f-42cb-86dd-e53d464b5850' level='level1' ceilingVisible='false'>
    <texture attribute='floorTexture' name='Azulejos de Piedra' creator='eTeks' catalogId='eTeks#stoneTiles' width='60.0' height='40.0' image='79'/>
    <point x='95.57503' y='281.03424'/>
    <point x='335.57504' y='281.03424'/>
    <point x='335.57504' y='401.03427'/>
    <point x='95.57503' y='401.03427'/>
  </room>
  <room id='room-eddff74b-2983-4f1d-a5d0-a89e83f1837d' level='level2' ceilingVisible='false'>
    <texture attribute='floorTexture' name='osb' width='180.17595' height='120.00001' image='80'/>
    <point x='96.16252' y='765.7843'/>
    <point x='336.16254' y='765.7843'/>
    <point x='336.16254' y='885.7843'/>
    <point x='96.16252' y='885.7843'/>
  </room>
  <room id='room-d0e5e316-78d0-4fcc-9cda-c67e3183cec9' level='level2' ceilingVisible='false'>
    <texture attribute='floorTexture' name='osb' width='180.17595' height='120.00001' image='80'/>
    <point x='97.074936' y='366.4218'/>
    <point x='337.07495' y='366.4218'/>
    <point x='337.07495' y='399.4218'/>
    <point x='97.074936' y='399.4218'/>
  </room>
  <room id='room-3bdcdf84-c8b6-4104-9ff1-5b651e538284' level='level1' ceilingVisible='false'>
    <texture attribute='floorTexture' name='Azulejos de Piedra' creator='eTeks' catalogId='eTeks#stoneTiles' width='60.0' height='40.0' image='79'/>
    <point x='95.8875' y='402.20932'/>
    <point x='335.8875' y='402.20932'/>
    <point x='335.8875' y='522.20935'/>
    <point x='95.8875' y='522.20935'/>
  </room>
  <room id='room-eabe2f27-ec3f-4acc-9508-e6a5df712096' level='level1' ceilingVisible='false'>
    <texture attribute='floorTexture' name='Azulejos de Piedra' creator='eTeks' catalogId='eTeks#stoneTiles' width='60.0' height='40.0' image='79'/>
    <point x='95.65001' y='521.7467'/>
    <point x='335.65002' y='521.7467'/>
    <point x='335.65002' y='641.74677'/>
    <point x='95.65001' y='641.74677'/>
  </room>
  <room id='room-3d44565b-3adb-43f7-960e-d3b7a4cfc6a7' level='level1' ceilingVisible='false'>
    <texture attribute='floorTexture' name='Azulejos de Piedra' creator='eTeks' catalogId='eTeks#stoneTiles' width='60.0' height='40.0' image='79'/>
    <point x='95.83745' y='642.0093'/>
    <point x='335.83746' y='642.0093'/>
    <point x='335.83746' y='762.00934'/>
    <point x='95.83745' y='762.00934'/>
  </room>
  <room id='room-63d811c9-a9fe-4d3b-8e0d-93c98a633adb' level='level1' ceilingVisible='false'>
    <texture attribute='floorTexture' name='Azulejos de Piedra' creator='eTeks' catalogId='eTeks#stoneTiles' width='60.0' height='40.0' image='79'/>
    <point x='337.71246' y='401.4468'/>
    <point x='577.71246' y='401.4468'/>
    <point x='577.71246' y='521.44684'/>
    <point x='337.71246' y='521.44684'/>
  </room>
  <room id='room-86a4a547-a4c3-495c-9393-37e380c8c9bf' level='level1' ceilingVisible='false'>
    <texture attribute='floorTexture' name='Azulejos de Piedra' creator='eTeks' catalogId='eTeks#stoneTiles' width='60.0' height='40.0' image='79'/>
    <point x='337.5251' y='521.4468'/>
    <point x='577.5251' y='521.4468'/>
    <point x='577.5251' y='641.44684'/>
    <point x='337.5251' y='641.44684'/>
  </room>
  <room id='room-93757010-9492-4992-9f8d-81df51a9b359' level='level1' ceilingVisible='false'>
    <texture attribute='floorTexture' name='Azulejos de Piedra' creator='eTeks' catalogId='eTeks#stoneTiles' width='60.0' height='40.0' image='79'/>
    <point x='337.11243' y='642.6468'/>
    <point x='577.1125' y='642.6468'/>
    <point x='577.1125' y='762.6468'/>
    <point x='337.11243' y='762.6468'/>
  </room>
  <room id='room-f26c32fb-4833-44dd-957d-5edc2ee9d935' level='level2' ceilingVisible='false'>
    <texture attribute='floorTexture' name='osb' width='180.17595' height='120.00001' image='80'/>
    <point x='95.7' y='403.52176'/>
    <point x='335.7' y='403.52176'/>
    <point x='335.7' y='523.5218'/>
    <point x='95.7' y='523.5218'/>
  </room>
  <room id='room-602ee8cd-1978-42ed-8e05-a9648f4020c2' level='level2' ceilingVisible='false'>
    <texture attribute='floorTexture' name='osb' width='180.17595' height='120.00001' image='80'/>
    <point x='337.90002' y='404.0718'/>
    <point x='577.9' y='404.0718'/>
    <point x='577.9' y='524.07184'/>
    <point x='337.90002' y='524.07184'/>
  </room>
  <room id='room-3322a4b3-e58c-422a-8d68-fd865d11637f' level='level2' ceilingVisible='false'>
    <texture attribute='floorTexture' name='osb' width='180.17595' height='120.00001' image='80'/>
    <point x='95.83751' y='525.5718'/>
    <point x='335.83752' y='525.5718'/>
    <point x='335.83752' y='645.57184'/>
    <point x='95.83751' y='645.57184'/>
  </room>
  <room id='room-59f8a6bd-4bfb-4bf2-bd2f-b7d54e8feb72' level='level2' ceilingVisible='false'>
    <texture attribute='floorTexture' name='osb' width='180.17595' height='120.00001' image='80'/>
    <point x='337.89996' y='524.8594'/>
    <point x='577.89996' y='524.8594'/>
    <point x='577.89996' y='644.8594'/>
    <point x='337.89996' y='644.8594'/>
  </room>
  <room id='room-46271f23-fbab-4119-89c1-c4c861436679' level='level2' ceilingVisible='false'>
    <texture attribute='floorTexture' name='osb' width='180.17595' height='120.00001' image='80'/>
    <point x='96.175064' y='646.8468'/>
    <point x='336.17505' y='646.8468'/>
    <point x='336.17505' y='766.8468'/>
    <point x='96.175064' y='766.8468'/>
  </room>
  <room id='room-ce7cfb7a-36f9-49b6-a8ea-b94243839c55' level='level2' ceilingVisible='false'>
    <texture attribute='floorTexture' name='osb' width='180.17595' height='120.00001' image='80'/>
    <point x='337.90002' y='646.3593'/>
    <point x='577.9' y='646.3593'/>
    <point x='577.9' y='766.3594'/>
    <point x='337.90002' y='766.3594'/>
  </room>
  <room id='room-de396f77-8d36-4458-b5d9-65986f9dd7cd' level='level1' ceilingVisible='false'>
    <texture attribute='floorTexture' name='Azulejos Rojos' creator='eTeks' width='40.0' height='40.0' image='81'/>
    <point x='-28.430725' y='764.52167'/>
    <point x='-268.43076' y='764.52167'/>
    <point x='-268.43076' y='884.52167'/>
    <point x='-28.430725' y='884.52167'/>
  </room>
  <room id='room-dd904b67-496e-4b06-9343-3eba1e78c76e' level='level1' ceilingVisible='false'>
    <texture attribute='floorTexture' name='Azulejos Rojos' creator='eTeks' width='40.0' height='40.0' image='81'/>
    <point x='-28.855713' y='282.80917'/>
    <point x='-268.85574' y='282.80917'/>
    <point x='-268.85574' y='402.8092'/>
    <point x='-28.855713' y='402.8092'/>
  </room>
  <room id='room-2ee4c9f0-7822-4478-b845-26397c2d114a' level='level1' ceilingVisible='false'>
    <texture attribute='floorTexture' name='Azulejos Rojos' creator='eTeks' width='40.0' height='40.0' image='81'/>
    <point x='-29.168213' y='403.98425'/>
    <point x='-269.1682' y='403.98425'/>
    <point x='-269.1682' y='523.9842'/>
    <point x='-29.168213' y='523.9842'/>
  </room>
  <room id='room-af2e9b63-5fb7-40a7-aa72-670d4480278f' level='level1' ceilingVisible='false'>
    <texture attribute='floorTexture' name='Azulejos Rojos' creator='eTeks' width='40.0' height='40.0' image='81'/>
    <point x='-28.930725' y='523.52155'/>
    <point x='-268.93073' y='523.52155'/>
    <point x='-268.93073' y='643.52167'/>
    <point x='-28.930725' y='643.52167'/>
  </room>
  <room id='room-b2de7fc5-bf80-475d-9dba-b709dbca3fe1' level='level1' ceilingVisible='false'>
    <texture attribute='floorTexture' name='Azulejos Rojos' creator='eTeks' width='40.0' height='40.0' image='81'/>
    <point x='-29.118164' y='643.7841'/>
    <point x='-269.11816' y='643.7841'/>
    <point x='-269.11816' y='763.78424'/>
    <point x='-29.118164' y='763.78424'/>
  </room>
  <room id='room-4ee1289b-a24a-442a-8258-ce144b93cebe' level='level2' ceilingVisible='false'>
    <texture attribute='floorTexture' name='osb' width='180.17595' height='120.00001' image='80'/>
    <point x='-24.728668' y='283.1144'/>
    <point x='95.27136' y='283.1144'/>
    <point x='95.27136' y='763.1143'/>
    <point x='-24.728668' y='763.1143'/>
  </room>
  <room id='room-71c87cdc-caf0-4b5c-b132-13aa2b199e0e' level='level2' ceilingVisible='false'>
    <texture attribute='floorTexture' name='osb' width='180.17595' height='120.00001' image='80'/>
    <point x='-148.09999' y='767.5592'/>
    <point x='91.900024' y='767.5592'/>
    <point x='91.900024' y='887.5592'/>
    <point x='-148.09999' y='887.5592'/>
  </room>
  <room id='room-3032f7d4-f390-4da3-aa83-f0c20884ffa1' level='level1' ceilingVisible='false'>
    <texture attribute='floorTexture' name='Azulejos de Piedra' creator='eTeks' catalogId='eTeks#stoneTiles' width='60.0' height='40.0' image='79'/>
    <point x='-26.753662' y='281.59567'/>
    <point x='93.24634' y='281.59567'/>
    <point x='93.24634' y='401.59567'/>
    <point x='-26.753662' y='401.59567'/>
  </room>
  <room id='room-abd208dd-a047-4465-b0ec-9621be36d571' level='level1' ceilingVisible='false'>
    <texture attribute='floorTexture' name='Azulejos de Piedra' creator='eTeks' catalogId='eTeks#stoneTiles' width='60.0' height='40.0' image='79'/>
    <point x='-25.99115' y='402.84567'/>
    <point x='94.00885' y='402.84567'/>
    <point x='94.00885' y='522.8457'/>
    <point x='-25.99115' y='522.8457'/>
  </room>
  <room id='room-bd2a6758-f1d3-4a02-bfb3-e74936034914' level='level1' ceilingVisible='false'>
    <texture attribute='floorTexture' name='Azulejos de Piedra' creator='eTeks' catalogId='eTeks#stoneTiles' width='60.0' height='40.0' image='79'/>
    <point x='-25.74115' y='523.58325'/>
    <point x='94.25885' y='523.58325'/>
    <point x='94.25885' y='643.58325'/>
    <point x='-25.74115' y='643.58325'/>
  </room>
  <room id='room-f58636d4-713e-4e77-9d15-4d37e12e5ec7' level='level1' ceilingVisible='false'>
    <texture attribute='floorTexture' name='Azulejos de Piedra' creator='eTeks' catalogId='eTeks#stoneTiles' width='60.0' height='40.0' image='79'/>
    <point x='-25.74115' y='644.0707'/>
    <point x='94.25885' y='644.0707'/>
    <point x='94.25885' y='764.0707'/>
    <point x='-25.74115' y='764.0707'/>
  </room>
  <room id='room-a0ab3771-9c59-4da1-8539-9b759ee8c6cf' level='level1' ceilingVisible='false'>
    <texture attribute='floorTexture' name='Azulejos de Piedra' creator='eTeks' catalogId='eTeks#stoneTiles' width='60.0' height='40.0' image='79'/>
    <point x='-26.753662' y='765.5706'/>
    <point x='93.24634' y='765.5706'/>
    <point x='93.24634' y='885.5706'/>
    <point x='-26.753662' y='885.5706'/>
  </room>
  <room id='room-01817900-b514-4490-8ab0-eda6a0d3ca1b' level='level2' ceilingVisible='false'>
    <texture attribute='floorTexture' name='osb' width='180.17595' height='120.00001' image='80'/>
    <point x='-390.55005' y='403.27176'/>
    <point x='-150.55005' y='403.27176'/>
    <point x='-150.55005' y='523.2718'/>
    <point x='-390.55005' y='523.2718'/>
  </room>
  <room id='room-121d8155-b1aa-4057-874d-e9706e945b6a' level='level2' ceilingVisible='false'>
    <texture attribute='floorTexture' name='osb' width='180.17595' height='120.00001' image='80'/>
    <point x='-390.41254' y='525.3218'/>
    <point x='-150.41254' y='525.3218'/>
    <point x='-150.41254' y='645.32184'/>
    <point x='-390.41254' y='645.32184'/>
  </room>
  <room id='room-a1cd18c7-88a0-4697-b2cc-78aaa31c34c3' level='level2' ceilingVisible='false'>
    <texture attribute='floorTexture' name='osb' width='180.17595' height='120.00001' image='80'/>
    <point x='-390.075' y='646.5968'/>
    <point x='-150.07501' y='646.5968'/>
    <point x='-150.07501' y='766.5968'/>
    <point x='-390.075' y='766.5968'/>
  </room>
  <room id='room-f5ee2f74-15d6-4217-802d-60fce73f08a2' level='level2' ceilingVisible='false'>
    <texture attribute='floorTexture' name='osb' width='180.17595' height='120.00001' image='80'/>
    <point x='-391.2' y='281.1968'/>
    <point x='-151.20001' y='281.1968'/>
    <point x='-151.20001' y='401.19684'/>
    <point x='-391.2' y='401.19684'/>
  </room>
  <room id='room-b9ff228f-8157-4608-b91c-1af0fdeae830' level='level2' ceilingVisible='false'>
    <texture attribute='floorTexture' name='osb' width='180.17595' height='120.00001' image='80'/>
    <point x='-390.08752' y='765.5343'/>
    <point x='-150.08752' y='765.5343'/>
    <point x='-150.08752' y='885.5343'/>
    <point x='-390.08752' y='885.5343'/>
  </room>
  <room id='room-d65c5f2d-2055-4e8a-8e2e-e559369b1585' level='level2' ceilingVisible='false'>
    <texture attribute='floorTexture' name='osb' width='180.17595' height='120.00001' image='80'/>
    <point x='-147.24124' y='282.60815'/>
    <point x='-147.24124' y='522.60815'/>
    <point x='-27.24121' y='522.60815'/>
    <point x='-27.24121' y='282.60815'/>
  </room>
  <room id='room-31e7ef60-20ca-4ffc-98b9-27236ee73ecd' level='level2' ceilingVisible='false'>
    <texture attribute='floorTexture' name='osb' width='180.17595' height='120.00001' image='80'/>
    <point x='-147.49124' y='524.3456'/>
    <point x='-147.49124' y='764.3456'/>
    <point x='-27.49121' y='764.3456'/>
    <point x='-27.49121' y='524.3456'/>
  </room>
  <room id='room-630ad6e9-927e-4b69-9890-963613510193' level='level1' ceilingVisible='false'>
    <texture attribute='floorTexture' name='Azulejos Rojos' creator='eTeks' width='40.0' height='40.0' image='81'/>
    <point x='-391.2538' y='403.09573'/>
    <point x='-391.2538' y='643.0957'/>
    <point x='-271.25378' y='643.0957'/>
    <point x='-271.25378' y='403.09573'/>
  </room>
  <room id='room-f435e383-12ec-421a-a933-2a25e0a51f1b' level='level1' ceilingVisible='false'>
    <texture attribute='floorTexture' name='Azulejos Rojos' creator='eTeks' width='40.0' height='40.0' image='81'/>
    <point x='-391.25372' y='644.5956'/>
    <point x='-391.25372' y='764.5956'/>
    <point x='-271.25366' y='764.5956'/>
    <point x='-271.25366' y='644.5956'/>
  </room>
  <room id='room-15cb95c1-3ee1-4337-89dd-d9bf5a5762c5' level='level0' areaVisible='true' ceilingVisible='false'>
    <texture attribute='floorTexture' name='Guijarros' creator='eTeks' width='20.0' height='20.0' image='82'/>
    <point x='-401.3209' y='279.11108'/>
    <point x='598.6791' y='279.11108'/>
    <point x='598.6791' y='878.1111'/>
    <point x='-401.3209' y='878.11115'/>
  </room>
  <room id='room-06953eea-52c4-4d70-8669-e2b0722e1ed9' level='level2' ceilingVisible='false'>
    <texture attribute='floorTexture' name='osb' width='180.17595' height='120.00001' image='80'/>
    <point x='95.81242' y='281.1218'/>
    <point x='155.81242' y='281.1218'/>
    <point x='155.81242' y='364.39682'/>
    <point x='96.06242' y='364.39682'/>
  </room>
</home>