<?xml version='1.0'?>
<home version='6400' exportFlags='17' name='echoMirador.sh3d' camera='topCamera' selectedLevel='level-3fcfc279-1906-4183-93f5-9eb90b1a1fae' wallHeight='250.0'>
  <environment groundColor='00A8A8A8' skyColor='00CCE4FC' lightColor='00D0D0D0' allLevelsVisible='true'/>
  <observerCamera attribute='observerCamera' lens='PINHOLE' x='44.696705' y='44.696693' z='370.0' yaw='5.4977875' pitch='0.19634955' fieldOfView='1.0995575' time='1666785600000' fixedSize='true'/>
  <camera attribute='topCamera' lens='PINHOLE' x='1363.4337' y='-349.3224' z='1257.7227' yaw='13.501597' pitch='0.5499999' fieldOfView='1.0995575' time='1666774800924'/>
  <level id='level-d0beae08-393c-4758-a2cb-07afbd31052d' name='Nivel 2' elevation='0.0' floorThickness='12.0' height='200.0' elevationIndex='0'/>
  <level id='level-3fcfc279-1906-4183-93f5-9eb90b1a1fae' name='Nivel 0' elevation='200.0' floorThickness='5.0' height='240.0' elevationIndex='0'/>
  <level id='level-77907566-383f-4c14-819b-2d3260b4b452' name='Nivel 1' elevation='440.0' floorThickness='1.0' height='200.0' elevationIndex='0'/>
  <pieceOfFurniture level='level-3fcfc279-1906-4183-93f5-9eb90b1a1fae' catalogId='eTeks#texturableCylinder' name='Cylindro' creator='eTeks' model='1/texturableCylinder.obj' x='6.7592773' y='704.3996' width='10.0' depth='10.0' height='240.0' modelSize='6600'/>
  <pieceOfFurniture level='level-3fcfc279-1906-4183-93f5-9eb90b1a1fae' catalogId='eTeks#texturableCylinder' name='Cylindro' creator='eTeks' model='1/texturableCylinder.obj' x='206.66052' y='704.79474' width='10.0' depth='10.0' height='240.0' modelSize='6600'/>
  <pieceOfFurniture level='level-3fcfc279-1906-4183-93f5-9eb90b1a1fae' catalogId='eTeks#texturableCylinder' name='Cylindro' creator='eTeks' model='1/texturableCylinder.obj' x='306.21606' y='804.7453' width='10.0' depth='10.0' height='240.0' modelSize='6600'/>
  <pieceOfFurniture level='level-3fcfc279-1906-4183-93f5-9eb90b1a1fae' catalogId='eTeks#texturableCylinder' name='Cylindro' creator='eTeks' model='1/texturableCylinder.obj' x='306.61115' y='934.72064' width='10.0' depth='10.0' height='240.0' modelSize='6600'/>
  <pieceOfFurniture level='level-3fcfc279-1906-4183-93f5-9eb90b1a1fae' catalogId='eTeks#texturableCylinder' name='Cylindro' creator='eTeks' model='1/texturableCylinder.obj' x='207.05554' y='1034.2761' width='10.0' depth='10.0' height='240.0' modelSize='6600'/>
  <pieceOfFurniture level='level-3fcfc279-1906-4183-93f5-9eb90b1a1fae' catalogId='eTeks#texturableCylinder' name='Cylindro' creator='eTeks' model='1/texturableCylinder.obj' x='6.7592773' y='1034.2761' width='10.0' depth='10.0' height='240.0' modelSize='6600'/>
  <doorOrWindow level='level-3fcfc279-1906-4183-93f5-9eb90b1a1fae' catalogId='eTeks#fixedWindow85x123' name='Ventana fija' creator='eTeks' model='3' x='256.6363' y='753.88165' elevation='40.0' angle='3.9269907' width='100.0' depth='5.00075' height='160.0' modelSize='2198' movable='false' cutOutShape='M0,0 v1 h1 v-1 z' wallCutOutOnBothSides='true'/>
  <doorOrWindow level='level-3fcfc279-1906-4183-93f5-9eb90b1a1fae' catalogId='eTeks#fixedWindow85x123' name='Ventana fija' creator='eTeks' model='3' x='256.9159' y='985.22186' elevation='40.0' angle='5.497787' width='100.0' depth='5.00075' height='160.0' modelSize='2198' movable='false' cutOutShape='M0,0 v1 h1 v-1 z' wallCutOutOnBothSides='true'/>
  <doorOrWindow level='level-3fcfc279-1906-4183-93f5-9eb90b1a1fae' catalogId='eTeks#sliderWindow126x200' name='Ventana corredera' creator='eTeks' model='5' x='106.90741' y='703.1324' angle='3.1415927' width='140.0' depth='6.30075' height='200.0' modelSize='7950' movable='false' cutOutShape='M0,0 v1 h1 v-1 z' wallCutOutOnBothSides='true'/>
  <doorOrWindow level='level-3fcfc279-1906-4183-93f5-9eb90b1a1fae' catalogId='eTeks#fixedWindow85x123' name='Ventana fija' creator='eTeks' model='3' x='306.94623' y='869.3537' elevation='70.0' angle='4.712389' width='100.0' depth='5.00075' height='130.0' modelSize='2198' movable='false' cutOutShape='M0,0 v1 h1 v-1 z' wallCutOutOnBothSides='true'/>
  <pieceOfFurniture level='level-3fcfc279-1906-4183-93f5-9eb90b1a1fae' catalogId='eTeks#bed' name='Cama' creator='eTeks' model='7' x='106.75928' y='973.10065' angle='4.712389' width='120.0' depth='190.0' height='60.0' modelSize='24868'/>
  <pieceOfFurniture level='level-3fcfc279-1906-4183-93f5-9eb90b1a1fae' catalogId='eTeks#bedsideTable' name='Mesita' creator='eTeks' model='9' x='24.037048' y='894.86017' angle='4.712389' width='30.0' depth='30.0' height='50.0' modelSize='2243'/>
  <pieceOfFurniture level='level-3fcfc279-1906-4183-93f5-9eb90b1a1fae' catalogId='eTeks#bedsideTable' name='Mesita' creator='eTeks' model='9' x='193.36707' y='724.1479' angle='4.7123895' width='30.0' depth='30.0' height='50.0' modelSize='2243'/>
  <pieceOfFurniture level='level-3fcfc279-1906-4183-93f5-9eb90b1a1fae' catalogId='eTeks#coffeeTable' name='Mesa de café' creator='eTeks' model='11' x='281.94586' y='869.3935' angle='1.5707964' width='100.0' depth='45.0' height='70.0' modelSize='9814'/>
  <pieceOfFurniture level='level-3fcfc279-1906-4183-93f5-9eb90b1a1fae' catalogId='eTeks#stool' name='Taburete' creator='eTeks' model='13' x='271.27777' y='843.48615' width='40.0' depth='40.0' height='46.0' modelSize='19756'/>
  <pieceOfFurniture level='level-3fcfc279-1906-4183-93f5-9eb90b1a1fae' catalogId='eTeks#stool' name='Taburete' creator='eTeks' model='13' x='272.31482' y='897.26385' width='40.0' depth='40.0' height='46.0' modelSize='19756'/>
  <pieceOfFurniture level='level-3fcfc279-1906-4183-93f5-9eb90b1a1fae' catalogId='eTeks#table' name='Mesa rectangular' creator='eTeks' model='15' x='34.03705' y='742.6192' angle='4.712389' width='60.0' depth='50.0' height='50.0' modelSize='5486'/>
  <pieceOfFurniture level='level-3fcfc279-1906-4183-93f5-9eb90b1a1fae' catalogId='eTeks#fridge' name='Frigorífico' creator='eTeks' model='17' x='34.03705' y='742.02655' elevation='50.0' angle='4.712389' width='60.0' depth='50.0' height='70.0' modelSize='13397'/>
  <pieceOfFurniture level='level-3fcfc279-1906-4183-93f5-9eb90b1a1fae' catalogId='eTeks#wardrobe' name='Armario' creator='eTeks' model='19' x='29.037048' y='825.80084' angle='4.712389' width='100.0' depth='40.0' height='120.0' modelSize='23218'>
    <material name='default' color='FF573300'/>
    <material name='white' color='FF755300'/>
  </pieceOfFurniture>
  <pieceOfFurniture level='level-3fcfc279-1906-4183-93f5-9eb90b1a1fae' catalogId='eTeks#flatTV' name='TV Plana' creator='eTeks' model='21' x='26.740784' y='825.5081' elevation='120.0' angle='4.712389' width='80.0' depth='30.0' height='60.0' modelSize='13041'/>
  <pieceOfFurniture level='level-3fcfc279-1906-4183-93f5-9eb90b1a1fae' catalogId='eTeks#mannequin' name='Maniquí' creator='eTeks' model='23/mannequin.obj' x='118.99997' y='800.65094' width='44.0' depth='52.7' height='170.0' modelSize='133023'/>
  <pieceOfFurniture level='level-d0beae08-393c-4758-a2cb-07afbd31052d' catalogId='eTeks#texturableCylinder' name='Cylindro' creator='eTeks' model='1/texturableCylinder.obj' x='6.3889313' y='1036.35' width='10.0' depth='10.0' height='200.0' modelSize='6600'/>
  <pieceOfFurniture level='level-d0beae08-393c-4758-a2cb-07afbd31052d' catalogId='eTeks#texturableCylinder' name='Cylindro' creator='eTeks' model='1/texturableCylinder.obj' x='206.68524' y='1036.35' width='10.0' depth='10.0' height='200.0' modelSize='6600'/>
  <pieceOfFurniture level='level-d0beae08-393c-4758-a2cb-07afbd31052d' catalogId='eTeks#texturableCylinder' name='Cylindro' creator='eTeks' model='1/texturableCylinder.obj' x='206.29016' y='706.8688' width='10.0' depth='10.0' height='200.0' modelSize='6600'/>
  <pieceOfFurniture level='level-d0beae08-393c-4758-a2cb-07afbd31052d' catalogId='eTeks#texturableCylinder' name='Cylindro' creator='eTeks' model='1/texturableCylinder.obj' x='6.3889465' y='706.47375' width='10.0' depth='10.0' height='200.0' modelSize='6600'/>
  <pieceOfFurniture level='level-d0beae08-393c-4758-a2cb-07afbd31052d' catalogId='eTeks#texturableCylinder' name='Cylindro' creator='eTeks' model='1/texturableCylinder.obj' x='6.2407837' y='936.05396' width='10.0' depth='10.0' height='200.0' modelSize='6600'/>
  <pieceOfFurniture level='level-d0beae08-393c-4758-a2cb-07afbd31052d' catalogId='eTeks#texturableCylinder' name='Cylindro' creator='eTeks' model='1/texturableCylinder.obj' x='6.388977' y='805.8318' width='10.0' depth='10.0' height='200.0' modelSize='6600'/>
  <pieceOfFurniture level='level-d0beae08-393c-4758-a2cb-07afbd31052d' catalogId='eTeks#texturableCylinder' name='Cylindro' creator='eTeks' model='1/texturableCylinder.obj' x='206.68527' y='805.8317' width='10.0' depth='10.0' height='200.0' modelSize='6600'/>
  <pieceOfFurniture level='level-d0beae08-393c-4758-a2cb-07afbd31052d' catalogId='eTeks#texturableCylinder' name='Cylindro' creator='eTeks' model='1/texturableCylinder.obj' x='206.68527' y='936.7947' width='10.0' depth='10.0' height='200.0' modelSize='6600'/>
  <pieceOfFurniture level='level-d0beae08-393c-4758-a2cb-07afbd31052d' catalogId='eTeks#texturableBox' name='Caja' creator='eTeks' model='25/texturableBox.obj' x='104.87039' y='755.8565' width='199.0' depth='100.0' height='100.0' modelSize='1661'>
    <texture name='Mármol' creator='eTeks' catalogId='eTeks#marbleWall' width='50.0' height='50.0' image='26'/>
  </pieceOfFurniture>
  <pieceOfFurniture level='level-d0beae08-393c-4758-a2cb-07afbd31052d' catalogId='eTeks#texturableBox' name='Caja' creator='eTeks' model='25/texturableBox.obj' x='30.370392' y='871.35645' width='50.0' depth='131.0' height='100.0' modelSize='1661'>
    <texture name='Mármol' creator='eTeks' catalogId='eTeks#marbleWall' width='50.0' height='50.0' image='26'/>
  </pieceOfFurniture>
  <pieceOfFurniture level='level-d0beae08-393c-4758-a2cb-07afbd31052d' catalogId='eTeks#washbasinWithCabinet' name='Armario lavabo' creator='eTeks' model='28' x='80.37039' y='846.35645' angle='4.712389' width='80.0' depth='50.0' height='90.0' modelSize='66142' movable='false'/>
  <pieceOfFurniture level='level-d0beae08-393c-4758-a2cb-07afbd31052d' catalogId='eTeks#shower' name='Plato de ducha' creator='eTeks' model='30' x='78.83334' y='987.22675' angle='4.712389' width='80.0' depth='140.0' height='180.0' modelSize='21504' movable='false'/>
  <pieceOfFurniture level='level-d0beae08-393c-4758-a2cb-07afbd31052d' catalogId='eTeks#toiletUnit' name='Inodoro' creator='eTeks' model='32' x='175.29633' y='987.6342' angle='3.1415927' width='40.0' depth='80.0' height='62.0' modelSize='125874' movable='false'/>
  <pieceOfFurniture level='level-d0beae08-393c-4758-a2cb-07afbd31052d' catalogId='eTeks#texturableBox' name='Caja' creator='eTeks' model='25/texturableBox.obj' x='105.51236' y='730.9511' elevation='100.0' width='199.0' depth='50.0' height='100.0' modelSize='1661'>
    <texture name='Mármol' creator='eTeks' catalogId='eTeks#marbleWall' width='50.0' height='50.0' image='26'/>
  </pieceOfFurniture>
  <pieceOfFurniture level='level-d0beae08-393c-4758-a2cb-07afbd31052d' catalogId='eTeks#texturableTriangle' name='Triángulo' creator='eTeks' model='34/texturableTriangle.obj' x='254.37039' y='755.5273' pitch='1.5707964' width='100.0' depth='100.0' depthInPlan='100.00001' height='100.0' heightInPlan='100.00001' modelSize='1544'>
    <texture name='Mármol' creator='eTeks' catalogId='eTeks#marbleWall' width='50.0' height='50.0' image='26'/>
  </pieceOfFurniture>
  <pieceOfFurniture level='level-d0beae08-393c-4758-a2cb-07afbd31052d' catalogId='eTeks#texturableTriangle' name='Triángulo' creator='eTeks' model='34/texturableTriangle.obj' x='230.01236' y='731.49023' elevation='100.00001' pitch='1.5707964' width='50.0' depth='100.0' depthInPlan='50.000004' height='50.0' heightInPlan='100.0' modelSize='1544'>
    <texture name='Mármol' creator='eTeks' catalogId='eTeks#marbleWall' width='50.0' height='50.0' image='26'/>
  </pieceOfFurniture>
  <pieceOfFurniture level='level-d0beae08-393c-4758-a2cb-07afbd31052d' catalogId='eTeks#staircase' name='Escalera' creator='eTeks' model='36' x='271.20575' y='659.982' angle='4.712389' width='80.0' depth='220.0' height='280.0' modelSize='13868' movable='false' staircaseCutOutShape='M0,0 v1 h1 v-1 z'/>
  <pieceOfFurniture level='level-3fcfc279-1906-4183-93f5-9eb90b1a1fae' catalogId='eTeks#railing' name='Barandilla' creator='eTeks' model='38' x='4.282257' y='659.39966' angle='1.5707964' width='80.0' depth='5.0' height='85.0' modelSize='6781' movable='false'/>
  <pieceOfFurniture level='level-3fcfc279-1906-4183-93f5-9eb90b1a1fae' catalogId='eTeks#texturableCylinder' name='Cylindro' creator='eTeks' model='1/texturableCylinder.obj' x='297.87024' y='19.510834' width='15.0' depth='15.0' height='240.0' modelSize='6600'/>
  <pieceOfFurniture level='level-3fcfc279-1906-4183-93f5-9eb90b1a1fae' catalogId='eTeks#texturableCylinder' name='Cylindro' creator='eTeks' model='1/texturableCylinder.obj' x='-39.166748' y='19.658997' width='15.0' depth='15.0' height='240.0' modelSize='6600'/>
  <pieceOfFurniture level='level-3fcfc279-1906-4183-93f5-9eb90b1a1fae' name='suv' model='40/suv.obj' x='-66.09973' y='292.547' angle='0.7853982' width='209.13293' depth='463.11053' height='162.65417' modelSize='275302'/>
  <pieceOfFurniture level='level-3fcfc279-1906-4183-93f5-9eb90b1a1fae' name='bamboo' model='42/bamboo.obj' x='-19.884438' y='573.5543' angle='3.1415927' width='110.0' depth='92.0' height='500.02002' modelSize='2232263'/>
  <pieceOfFurniture level='level-3fcfc279-1906-4183-93f5-9eb90b1a1fae' name='bamboo' model='42/bamboo.obj' x='-89.21781' y='573.5543' angle='3.1415927' width='110.0' depth='92.0' height='500.0' modelSize='2232263'/>
  <pieceOfFurniture level='level-3fcfc279-1906-4183-93f5-9eb90b1a1fae' name='bamboo' model='42/bamboo.obj' x='-159.88443' y='576.22095' angle='3.1415927' width='110.0' depth='92.0' height='500.0' modelSize='2232263'/>
  <pieceOfFurniture level='level-3fcfc279-1906-4183-93f5-9eb90b1a1fae' name='bamboo' model='42/bamboo.obj' x='-229.2178' y='576.22095' angle='3.1415927' width='110.0' depth='92.0' height='500.0' modelSize='2232263'/>
  <pieceOfFurniture level='level-3fcfc279-1906-4183-93f5-9eb90b1a1fae' name='bamboo' model='42/bamboo.obj' x='-277.21774' y='577.5543' angle='3.1415927' width='110.0' depth='92.0' height='500.0' modelSize='2232263'/>
  <pieceOfFurniture level='level-3fcfc279-1906-4183-93f5-9eb90b1a1fae' name='bamboo' model='42/bamboo.obj' x='-346.55112' y='577.5543' angle='3.1415927' width='110.0' depth='92.0' height='500.0' modelSize='2232263'/>
  <pieceOfFurniture level='level-3fcfc279-1906-4183-93f5-9eb90b1a1fae' name='bamboo' model='42/bamboo.obj' x='-22.551117' y='640.22095' width='110.0' depth='92.0' height='500.0' modelMirrored='true' modelSize='2232263'/>
  <pieceOfFurniture level='level-3fcfc279-1906-4183-93f5-9eb90b1a1fae' name='bamboo' model='42/bamboo.obj' x='-91.88449' y='640.22095' width='110.0' depth='92.0' height='500.0' modelMirrored='true' modelSize='2232263'/>
  <pieceOfFurniture level='level-3fcfc279-1906-4183-93f5-9eb90b1a1fae' name='bamboo' model='42/bamboo.obj' x='-162.55112' y='637.5543' width='110.0' depth='92.0' height='500.0' modelMirrored='true' modelSize='2232263'/>
  <pieceOfFurniture level='level-3fcfc279-1906-4183-93f5-9eb90b1a1fae' name='bamboo' model='42/bamboo.obj' x='-279.88443' y='636.22095' width='110.0' depth='92.0' height='500.0' modelMirrored='true' modelSize='2232263'/>
  <pieceOfFurniture level='level-3fcfc279-1906-4183-93f5-9eb90b1a1fae' name='bamboo' model='42/bamboo.obj' x='-231.88449' y='637.5543' width='110.0' depth='92.0' height='500.0' modelMirrored='true' modelSize='2232263'/>
  <pieceOfFurniture level='level-3fcfc279-1906-4183-93f5-9eb90b1a1fae' name='bamboo' model='42/bamboo.obj' x='-349.2178' y='636.22095' width='110.0' depth='92.0' height='500.0' modelMirrored='true' modelSize='2232263'/>
  <pieceOfFurniture level='level-3fcfc279-1906-4183-93f5-9eb90b1a1fae' name='jacuzzi' model='44/jacuzzi.obj' x='448.83337' y='119.16675' width='199.0' depth='129.0' height='70.0' modelSize='385768'/>
  <pieceOfFurniture level='level-3fcfc279-1906-4183-93f5-9eb90b1a1fae' name='high-hedge' model='46/high-hedge.obj' x='369.66663' y='17.0' width='150.0' depth='50.0' height='250.0' modelSize='1954821'/>
  <pieceOfFurniture level='level-3fcfc279-1906-4183-93f5-9eb90b1a1fae' name='high-hedge' model='46/high-hedge.obj' x='530.9999' y='17.0' width='150.0' depth='50.0' height='250.0' modelSize='1954821'/>
  <pieceOfFurniture level='level-3fcfc279-1906-4183-93f5-9eb90b1a1fae' name='high-hedge' model='46/high-hedge.obj' x='463.0' y='15.666626' width='150.0' depth='50.0' height='250.0' modelSize='1954821'/>
  <pieceOfFurniture level='level-3fcfc279-1906-4183-93f5-9eb90b1a1fae' name='high-hedge' model='46/high-hedge.obj' x='-109.00006' y='22.333313' width='150.0' depth='50.0' height='250.0' modelSize='1954821'/>
  <pieceOfFurniture level='level-3fcfc279-1906-4183-93f5-9eb90b1a1fae' name='high-hedge' model='46/high-hedge.obj' x='-327.66675' y='23.666687' width='150.0' depth='50.0' height='250.0' modelSize='1954821'/>
  <pieceOfFurniture level='level-3fcfc279-1906-4183-93f5-9eb90b1a1fae' name='high-hedge' model='46/high-hedge.obj' x='-213.00006' y='22.333313' width='150.0' depth='50.0' height='250.0' modelSize='1954821'/>
  <pieceOfFurniture level='level-3fcfc279-1906-4183-93f5-9eb90b1a1fae' name='high-hedge' model='46/high-hedge.obj' x='312.33325' y='99.666626' angle='1.5707964' width='150.0' depth='50.0' height='250.0' modelSize='1954821'/>
  <pieceOfFurniture level='level-3fcfc279-1906-4183-93f5-9eb90b1a1fae' name='high-hedge' model='46/high-hedge.obj' x='312.33325' y='238.33325' angle='1.5707964' width='150.0' depth='50.0' height='250.0' modelSize='1954821'/>
  <pieceOfFurniture level='level-3fcfc279-1906-4183-93f5-9eb90b1a1fae' name='high-hedge' model='46/high-hedge.obj' x='313.66663' y='183.66669' angle='1.5707964' width='150.0' depth='50.0' height='250.0' modelSize='1954821'/>
  <pieceOfFurniture level='level-3fcfc279-1906-4183-93f5-9eb90b1a1fae' name='deckChair' model='48/deckChair.obj' x='409.17688' y='249.31232' angle='4.712389' width='71.687' depth='125.2914' height='83.98783' modelSize='78650'/>
  <pieceOfFurniture level='level-3fcfc279-1906-4183-93f5-9eb90b1a1fae' name='high-hedge' model='46/high-hedge.obj' x='598.9999' y='95.66675' angle='4.712389' width='150.0' depth='60.0' height='150.0' modelSize='1954821'/>
  <pieceOfFurniture level='level-3fcfc279-1906-4183-93f5-9eb90b1a1fae' name='high-hedge' model='46/high-hedge.obj' x='598.9999' y='245.66675' angle='4.712389' width='150.0' depth='60.0' height='150.0' modelSize='1954821'/>
  <pieceOfFurniture level='level-3fcfc279-1906-4183-93f5-9eb90b1a1fae' name='high-hedge' model='46/high-hedge.obj' x='600.3331' y='169.00012' angle='4.712389' width='150.0' depth='60.0' height='150.0' modelSize='1954821'/>
  <pieceOfFurniture level='level-3fcfc279-1906-4183-93f5-9eb90b1a1fae' name='high-hedge' model='46/high-hedge.obj' x='270.99988' y='329.37738' angle='2.3561945' width='150.0' depth='50.0' height='250.0' modelSize='1954821'/>
  <pieceOfFurniture level='level-3fcfc279-1906-4183-93f5-9eb90b1a1fae' name='high-hedge' model='46/high-hedge.obj' x='124.33325' y='477.3774' angle='2.3561945' width='150.0' depth='50.0' height='250.0' modelSize='1954821'/>
  <pieceOfFurniture level='level-3fcfc279-1906-4183-93f5-9eb90b1a1fae' name='high-hedge' model='46/high-hedge.obj' x='192.33325' y='409.37738' angle='2.3561945' width='150.0' depth='50.0' height='250.0' modelSize='1954821'/>
  <pieceOfFurniture level='level-3fcfc279-1906-4183-93f5-9eb90b1a1fae' name='privacyFence2' model='50/privacyFence2.obj' x='39.499573' y='573.6317' angle='5.4977875' width='120.0' depth='5.0' height='200.0' color='FF975900' modelSize='28566'/>
  <pieceOfFurniture level='level-3fcfc279-1906-4183-93f5-9eb90b1a1fae' name='high-hedge' model='46/high-hedge.obj' x='257.66663' y='577.66675' angle='5.759587' width='150.0' depth='60.0' height='100.0' modelSize='1954821'/>
  <pieceOfFurniture level='level-3fcfc279-1906-4183-93f5-9eb90b1a1fae' name='high-hedge' model='46/high-hedge.obj' x='339.0' y='527.0001' angle='5.759587' width='150.0' depth='60.0' height='100.0' modelSize='1954821'/>
  <pieceOfFurniture level='level-3fcfc279-1906-4183-93f5-9eb90b1a1fae' name='high-hedge' model='46/high-hedge.obj' x='401.66675' y='483.00015' angle='5.759587' width='150.0' depth='60.0' height='100.0' modelSize='1954821'/>
  <pieceOfFurniture level='level-3fcfc279-1906-4183-93f5-9eb90b1a1fae' name='high-hedge' model='46/high-hedge.obj' x='448.33337' y='445.66672' angle='5.759587' width='150.0' depth='60.0' height='100.0' modelSize='1954821'/>
  <pieceOfFurniture level='level-3fcfc279-1906-4183-93f5-9eb90b1a1fae' name='high-hedge' model='46/high-hedge.obj' x='537.6202' y='384.1475' angle='5.759587' width='150.0' depth='60.0' height='100.0' modelSize='1954821'/>
  <pieceOfFurniture level='level-3fcfc279-1906-4183-93f5-9eb90b1a1fae' name='high-hedge' model='46/high-hedge.obj' x='597.6666' y='288.33344' angle='4.712389' width='150.0' depth='60.0' height='150.0' modelSize='1954821'/>
  <pieceOfFurniture level='level-d0beae08-393c-4758-a2cb-07afbd31052d' catalogId='eTeks#staircase' name='Escalera' creator='eTeks' model='36' x='660.22186' y='133.31525' width='120.0' depth='220.0' height='280.0' modelSize='13868' movable='false' staircaseCutOutShape='M0,0 v1 h1 v-1 z'/>
  <pieceOfFurniture level='level-3fcfc279-1906-4183-93f5-9eb90b1a1fae' name='privacyFence2' model='50/privacyFence2.obj' x='660.22186' y='20.815247' width='120.0' depth='5.0' height='200.0' color='FF975900' modelSize='28566'/>
  <pieceOfFurniture level='level-d0beae08-393c-4758-a2cb-07afbd31052d' name='rock1' model='52/rock1.obj' x='237.01541' y='1020.97125' angle='5.4977875' width='50.5' depth='33.739998' height='50.030003' modelSize='85947'/>
  <pieceOfFurniture level='level-d0beae08-393c-4758-a2cb-07afbd31052d' name='rock1' model='52/rock1.obj' x='265.0154' y='992.97125' angle='5.4977875' width='50.5' depth='33.7' height='50.0' modelSize='85947'/>
  <pieceOfFurniture level='level-d0beae08-393c-4758-a2cb-07afbd31052d' name='rock1' model='52/rock1.obj' x='291.68216' y='963.638' angle='5.4977875' width='50.5' depth='33.7' height='50.0' modelSize='85947'/>
  <pieceOfFurniture level='level-d0beae08-393c-4758-a2cb-07afbd31052d' name='rock1' model='52/rock1.obj' x='319.68204' y='946.3046' width='50.5' depth='33.7' height='50.0' modelSize='85947'/>
  <pieceOfFurniture level='level-d0beae08-393c-4758-a2cb-07afbd31052d' name='rock1' model='52/rock1.obj' x='358.34866' y='943.638' width='50.5' depth='33.7' height='50.0' modelSize='85947'/>
  <pieceOfFurniture level='level-d0beae08-393c-4758-a2cb-07afbd31052d' name='rock1' model='52/rock1.obj' x='397.0154' y='943.6379' width='50.5' depth='33.7' height='50.0' modelSize='85947'/>
  <pieceOfFurniture level='level-d0beae08-393c-4758-a2cb-07afbd31052d' name='rock1' model='52/rock1.obj' x='435.68204' y='942.3046' width='50.5' depth='33.7' height='50.0' modelSize='85947'/>
  <pieceOfFurniture level='level-d0beae08-393c-4758-a2cb-07afbd31052d' name='rock1' model='52/rock1.obj' x='479.68204' y='935.63794' angle='5.4977875' width='50.5' depth='33.7' height='50.0' modelSize='85947'/>
  <pieceOfFurniture level='level-d0beae08-393c-4758-a2cb-07afbd31052d' name='rock1' model='52/rock1.obj' x='507.682' y='907.638' angle='5.4977875' width='50.5' depth='33.7' height='50.0' modelSize='85947'/>
  <pieceOfFurniture level='level-d0beae08-393c-4758-a2cb-07afbd31052d' name='rock1' model='52/rock1.obj' x='534.34875' y='878.30475' angle='5.4977875' width='50.5' depth='33.7' height='50.0' modelSize='85947'/>
  <pieceOfFurniture level='level-d0beae08-393c-4758-a2cb-07afbd31052d' name='rock1' model='52/rock1.obj' x='569.0154' y='848.97125' angle='5.4977875' width='50.5' depth='33.7' height='50.0' modelSize='85947'/>
  <pieceOfFurniture level='level-d0beae08-393c-4758-a2cb-07afbd31052d' name='rock1' model='52/rock1.obj' x='597.0154' y='820.97125' angle='5.4977875' width='50.5' depth='33.7' height='50.0' modelSize='85947'/>
  <pieceOfFurniture level='level-d0beae08-393c-4758-a2cb-07afbd31052d' name='rock1' model='52/rock1.obj' x='623.6821' y='791.638' angle='5.4977875' width='50.5' depth='33.7' height='50.0' modelSize='85947'/>
  <pieceOfFurniture level='level-d0beae08-393c-4758-a2cb-07afbd31052d' name='rock1' model='52/rock1.obj' x='655.682' y='764.97125' angle='5.4977875' width='50.5' depth='33.7' height='50.0' modelSize='85947'/>
  <pieceOfFurniture level='level-d0beae08-393c-4758-a2cb-07afbd31052d' name='rock1' model='52/rock1.obj' x='683.682' y='736.97125' angle='5.4977875' width='50.5' depth='33.7' height='50.0' modelSize='85947'/>
  <pieceOfFurniture level='level-d0beae08-393c-4758-a2cb-07afbd31052d' name='rock1' model='52/rock1.obj' x='710.34875' y='707.638' angle='5.4977875' width='50.5' depth='33.7' height='50.0' modelSize='85947'/>
  <pieceOfFurniture level='level-d0beae08-393c-4758-a2cb-07afbd31052d' name='rock1' model='52/rock1.obj' x='730.0576' y='670.5958' angle='4.712389' width='50.5' depth='33.7' height='50.0' modelSize='85947'/>
  <pieceOfFurniture level='level-d0beae08-393c-4758-a2cb-07afbd31052d' name='rock1' model='52/rock1.obj' x='731.391' y='630.5958' angle='4.712389' width='50.5' depth='33.7' height='50.0' modelSize='85947'/>
  <pieceOfFurniture level='level-d0beae08-393c-4758-a2cb-07afbd31052d' name='rock1' model='52/rock1.obj' x='728.72437' y='591.9291' angle='4.712389' width='50.5' depth='33.7' height='50.0' modelSize='85947'/>
  <pieceOfFurniture level='level-d0beae08-393c-4758-a2cb-07afbd31052d' name='rock1' model='52/rock1.obj' x='728.72437' y='471.9291' angle='4.712389' width='50.5' depth='33.7' height='50.0' modelSize='85947'/>
  <pieceOfFurniture level='level-d0beae08-393c-4758-a2cb-07afbd31052d' name='rock1' model='52/rock1.obj' x='731.391' y='510.59583' angle='4.712389' width='50.5' depth='33.7' height='50.0' modelSize='85947'/>
  <pieceOfFurniture level='level-d0beae08-393c-4758-a2cb-07afbd31052d' name='rock1' model='52/rock1.obj' x='730.0576' y='550.5958' angle='4.712389' width='50.5' depth='33.7' height='50.0' modelSize='85947'/>
  <pieceOfFurniture level='level-d0beae08-393c-4758-a2cb-07afbd31052d' name='rock1' model='52/rock1.obj' x='727.391' y='350.59573' angle='4.712389' width='50.5' depth='33.7' height='50.0' modelSize='85947'/>
  <pieceOfFurniture level='level-d0beae08-393c-4758-a2cb-07afbd31052d' name='rock1' model='52/rock1.obj' x='730.0576' y='389.26248' angle='4.712389' width='50.5' depth='33.7' height='50.0' modelSize='85947'/>
  <pieceOfFurniture level='level-d0beae08-393c-4758-a2cb-07afbd31052d' name='rock1' model='52/rock1.obj' x='728.72424' y='429.26248' angle='4.712389' width='50.5' depth='33.7' height='50.0' modelSize='85947'/>
  <pieceOfFurniture level='level-d0beae08-393c-4758-a2cb-07afbd31052d' name='rock1' model='52/rock1.obj' x='728.72437' y='246.5958' angle='4.712389' width='50.5' depth='33.7' height='50.0' modelSize='85947'/>
  <pieceOfFurniture level='level-d0beae08-393c-4758-a2cb-07afbd31052d' name='rock1' model='52/rock1.obj' x='731.391' y='285.26254' angle='4.712389' width='50.5' depth='33.7' height='50.0' modelSize='85947'/>
  <pieceOfFurniture level='level-d0beae08-393c-4758-a2cb-07afbd31052d' name='rock1' model='52/rock1.obj' x='730.0576' y='325.26254' angle='4.712389' width='50.5' depth='33.7' height='50.0' modelSize='85947'/>
  <pieceOfFurniture level='level-d0beae08-393c-4758-a2cb-07afbd31052d' name='rock1' model='52/rock1.obj' x='319.51172' y='774.1342' angle='5.4977875' width='50.5' depth='33.7' height='50.0' modelSize='85947'/>
  <pieceOfFurniture level='level-d0beae08-393c-4758-a2cb-07afbd31052d' name='rock1' model='52/rock1.obj' x='342.17834' y='748.80084' angle='5.4977875' width='50.5' depth='33.7' height='50.0' modelSize='85947'/>
  <pieceOfFurniture level='level-d0beae08-393c-4758-a2cb-07afbd31052d' name='rock1' model='52/rock1.obj' x='364.8451' y='723.4676' angle='5.4977875' width='50.5' depth='33.7' height='50.0' modelSize='85947'/>
  <pieceOfFurniture level='level-d0beae08-393c-4758-a2cb-07afbd31052d' name='rock1' model='52/rock1.obj' x='384.76852' y='598.5027' angle='5.4977875' width='50.5' depth='33.7' height='50.0' modelSize='85947'/>
  <pieceOfFurniture level='level-d0beae08-393c-4758-a2cb-07afbd31052d' name='rock1' model='52/rock1.obj' x='406.1019' y='569.16943' angle='5.4977875' width='50.5' depth='33.7' height='50.0' modelSize='85947'/>
  <pieceOfFurniture level='level-d0beae08-393c-4758-a2cb-07afbd31052d' name='rock1' model='52/rock1.obj' x='427.43515' y='541.16943' angle='5.4977875' width='50.5' depth='33.7' height='50.0' modelSize='85947'/>
  <pieceOfFurniture level='level-d0beae08-393c-4758-a2cb-07afbd31052d' name='rock1' model='52/rock1.obj' x='472.76852' y='481.16946' angle='5.4977875' width='50.5' depth='33.7' height='50.0' modelSize='85947'/>
  <pieceOfFurniture level='level-d0beae08-393c-4758-a2cb-07afbd31052d' name='rock1' model='52/rock1.obj' x='451.43515' y='510.5027' angle='5.4977875' width='50.5' depth='33.7' height='50.0' modelSize='85947'/>
  <pieceOfFurniture level='level-d0beae08-393c-4758-a2cb-07afbd31052d' name='rock1' model='52/rock1.obj' x='516.76855' y='419.8361' angle='5.4977875' width='50.5' depth='33.7' height='50.0' modelSize='85947'/>
  <pieceOfFurniture level='level-d0beae08-393c-4758-a2cb-07afbd31052d' name='rock1' model='52/rock1.obj' x='495.43515' y='449.16934' angle='5.4977875' width='50.5' depth='33.7' height='50.0' modelSize='85947'/>
  <pieceOfFurniture level='level-d0beae08-393c-4758-a2cb-07afbd31052d' name='rock1' model='52/rock1.obj' x='579.4353' y='346.50272' angle='5.4977875' width='50.5' depth='33.7' height='50.0' modelSize='85947'/>
  <pieceOfFurniture level='level-d0beae08-393c-4758-a2cb-07afbd31052d' name='rock1' model='52/rock1.obj' x='558.1019' y='375.83597' angle='5.4977875' width='50.5' depth='33.7' height='50.0' modelSize='85947'/>
  <pieceOfFurniture level='level-d0beae08-393c-4758-a2cb-07afbd31052d' name='rock1' model='52/rock1.obj' x='538.1019' y='395.83597' angle='5.4977875' width='50.5' depth='33.7' height='50.0' modelSize='85947'/>
  <pieceOfFurniture level='level-d0beae08-393c-4758-a2cb-07afbd31052d' name='picnic_table' model='54/picnic_table.obj' x='570.3776' y='650.3913' angle='5.4977875' width='180.16763' depth='145.27058' height='75.000015' modelSize='46013'/>
  <pieceOfFurniture level='level-d0beae08-393c-4758-a2cb-07afbd31052d' name='gardenUmbrella' model='56/gardenUmbrella.obj' x='575.96906' y='645.81604' angle='0.7853982' width='240.0' depth='210.0' height='210.0' modelSize='111365'/>
  <pieceOfFurniture level='level-d0beae08-393c-4758-a2cb-07afbd31052d' name='barbecue' model='58/barbecue.obj' x='493.84805' y='841.13367' angle='2.3561945' width='61.722065' depth='76.1445' height='80.0' modelSize='122119'/>
  <wall id='wall-82c0129a-c039-4e9d-9653-230199a2dcef' level='level-3fcfc279-1906-4183-93f5-9eb90b1a1fae' wallAtEnd='wall-f0bdd940-63ba-4d64-811c-41218fec80a6' xStart='6.5370483' yStart='703.7824' xEnd='206.53705' yEnd='703.7824' height='240.0' thickness='5.0' pattern='hatchUp'>
    <texture attribute='leftSideTexture' name='Piso de Madera' creator='eTeks' catalogId='eTeks#woodenFloor' width='42.5' height='42.5' image='63'/>
    <texture attribute='rightSideTexture' name='Piso de Madera' creator='eTeks' catalogId='eTeks#woodenFloor' width='42.5' height='42.5' image='63'/>
  </wall>
  <wall id='wall-f0bdd940-63ba-4d64-811c-41218fec80a6' level='level-3fcfc279-1906-4183-93f5-9eb90b1a1fae' wallAtStart='wall-82c0129a-c039-4e9d-9653-230199a2dcef' wallAtEnd='wall-d804a414-33aa-4036-b5be-98e6028ecf32' xStart='206.53705' yStart='703.7824' xEnd='306.94623' yEnd='804.1916' height='240.0' thickness='5.0' pattern='hatchUp'>
    <texture attribute='leftSideTexture' name='Piso de Madera' creator='eTeks' catalogId='eTeks#woodenFloor' width='42.5' height='42.5' image='63'/>
    <texture attribute='rightSideTexture' name='Piso de Madera' creator='eTeks' catalogId='eTeks#woodenFloor' width='42.5' height='42.5' image='63'/>
  </wall>
  <wall id='wall-d804a414-33aa-4036-b5be-98e6028ecf32' level='level-3fcfc279-1906-4183-93f5-9eb90b1a1fae' wallAtStart='wall-f0bdd940-63ba-4d64-811c-41218fec80a6' wallAtEnd='wall-4c83b60a-f76d-47ad-b14e-5bd13d421817' xStart='306.94623' yStart='804.1916' xEnd='306.94623' yEnd='935.1916' height='240.0' thickness='5.0' pattern='hatchUp'>
    <texture attribute='leftSideTexture' name='Piso de Madera' creator='eTeks' catalogId='eTeks#woodenFloor' width='42.5' height='42.5' image='63'/>
    <texture attribute='rightSideTexture' name='Piso de Madera' creator='eTeks' catalogId='eTeks#woodenFloor' width='42.5' height='42.5' image='63'/>
  </wall>
  <wall id='wall-4c83b60a-f76d-47ad-b14e-5bd13d421817' level='level-3fcfc279-1906-4183-93f5-9eb90b1a1fae' wallAtStart='wall-d804a414-33aa-4036-b5be-98e6028ecf32' wallAtEnd='wall-a3c37a6b-408f-413b-ac82-35118513b9b4' xStart='306.94623' yStart='935.1916' xEnd='206.53705' yEnd='1035.6008' height='240.0' thickness='5.0' pattern='hatchUp'>
    <texture attribute='leftSideTexture' name='Piso de Madera' creator='eTeks' catalogId='eTeks#woodenFloor' width='42.5' height='42.5' image='63'/>
    <texture attribute='rightSideTexture' name='Piso de Madera' creator='eTeks' catalogId='eTeks#woodenFloor' width='42.5' height='42.5' image='63'/>
  </wall>
  <wall id='wall-a3c37a6b-408f-413b-ac82-35118513b9b4' level='level-3fcfc279-1906-4183-93f5-9eb90b1a1fae' wallAtStart='wall-4c83b60a-f76d-47ad-b14e-5bd13d421817' wallAtEnd='wall-250cde95-3fc6-4ac9-84ef-9c637fd02800' xStart='206.53705' yStart='1035.6008' xEnd='6.5370483' yEnd='1035.6006' height='240.0' thickness='5.0' pattern='hatchUp'>
    <texture attribute='leftSideTexture' name='Piso de Madera' creator='eTeks' catalogId='eTeks#woodenFloor' width='42.5' height='42.5' image='63'/>
    <texture attribute='rightSideTexture' name='Piso de Madera' creator='eTeks' catalogId='eTeks#woodenFloor' width='42.5' height='42.5' image='63'/>
  </wall>
  <wall id='wall-250cde95-3fc6-4ac9-84ef-9c637fd02800' level='level-3fcfc279-1906-4183-93f5-9eb90b1a1fae' wallAtStart='wall-a3c37a6b-408f-413b-ac82-35118513b9b4' xStart='6.5370483' yStart='1035.6006' xEnd='6.5370483' yEnd='703.7824' height='240.0' thickness='5.0' pattern='hatchUp'>
    <texture attribute='leftSideTexture' name='Piso de Madera' creator='eTeks' catalogId='eTeks#woodenFloor' width='42.5' height='42.5' image='63'/>
    <texture attribute='rightSideTexture' name='Piso de Madera' creator='eTeks' catalogId='eTeks#woodenFloor' width='42.5' height='42.5' image='63'/>
  </wall>
  <wall id='wall-ebc5dff1-14c5-4f58-bb63-67edab598c61' level='level-d0beae08-393c-4758-a2cb-07afbd31052d' wallAtEnd='wall-d55e3244-d020-4067-8b41-d11056c82c9a' xStart='6.1667175' yStart='937.2656' xEnd='6.1667137' yEnd='1037.6744' height='200.0' thickness='5.0' pattern='hatchUp'>
    <texture attribute='leftSideTexture' name='Azulejos Blancos y Negros' creator='eTeks' catalogId='eTeks#blackAndWhiteTiles' width='70.0' height='70.0' image='65'/>
    <texture attribute='rightSideTexture' name='Azulejos Blancos y Negros' creator='eTeks' catalogId='eTeks#blackAndWhiteTiles' width='70.0' height='70.0' image='65'/>
  </wall>
  <wall id='wall-d55e3244-d020-4067-8b41-d11056c82c9a' level='level-d0beae08-393c-4758-a2cb-07afbd31052d' wallAtStart='wall-ebc5dff1-14c5-4f58-bb63-67edab598c61' wallAtEnd='wall-8155a545-0839-4be2-b31c-9253c4b5b691' xStart='6.1667137' yStart='1037.6744' xEnd='206.16672' yEnd='1037.6744' height='200.0' thickness='5.0' pattern='hatchUp'>
    <texture attribute='leftSideTexture' name='Azulejos Blancos y Negros' creator='eTeks' catalogId='eTeks#blackAndWhiteTiles' width='70.0' height='70.0' image='65'/>
    <texture attribute='rightSideTexture' name='Azulejos Blancos y Negros' creator='eTeks' catalogId='eTeks#blackAndWhiteTiles' width='70.0' height='70.0' image='65'/>
  </wall>
  <wall id='wall-8155a545-0839-4be2-b31c-9253c4b5b691' level='level-d0beae08-393c-4758-a2cb-07afbd31052d' wallAtStart='wall-d55e3244-d020-4067-8b41-d11056c82c9a' xStart='206.16672' yStart='1037.6744' xEnd='206.16672' yEnd='937.2656' height='100.0' thickness='5.0' pattern='hatchUp'>
    <texture attribute='leftSideTexture' name='Azulejos Blancos y Negros' creator='eTeks' catalogId='eTeks#blackAndWhiteTiles' width='70.0' height='70.0' image='65'/>
    <texture attribute='rightSideTexture' name='Azulejos Blancos y Negros' creator='eTeks' catalogId='eTeks#blackAndWhiteTiles' width='70.0' height='70.0' image='65'/>
  </wall>
  <wall id='wall-e71a8dd8-6dfd-4cb3-a7d8-79dd837177af' level='level-d0beae08-393c-4758-a2cb-07afbd31052d' xStart='6.1667175' yStart='705.85645' xEnd='6.16671' yEnd='937.2656' height='200.0' thickness='5.0' pattern='hatchUp'>
    <texture attribute='leftSideTexture' name='Mármol' creator='eTeks' catalogId='eTeks#marbleWall' width='50.0' height='50.0' image='26'/>
    <texture attribute='rightSideTexture' name='Mármol' creator='eTeks' catalogId='eTeks#marbleWall' width='50.0' height='50.0' image='26'/>
  </wall>
  <wall id='wall-95293595-f115-4816-b19e-3b376ed4b5a1' level='level-d0beae08-393c-4758-a2cb-07afbd31052d' xStart='597.72186' yStart='18.687286' xEnd='597.72186' yEnd='324.6873' height='200.0' thickness='5.0' pattern='hatchUp'>
    <texture attribute='leftSideTexture' name='Mármol' creator='eTeks' catalogId='eTeks#marbleWall' width='50.0' height='50.0' image='26'/>
    <texture attribute='rightSideTexture' name='Mármol' creator='eTeks' catalogId='eTeks#marbleWall' width='50.0' height='50.0' image='26'/>
  </wall>
  <room id='room-1b6568ed-44da-4acd-a8d2-08c8e20a0e57' level='level-3fcfc279-1906-4183-93f5-9eb90b1a1fae' areaVisible='true' ceilingVisible='false'>
    <texture attribute='floorTexture' name='Piso de Madera Vieja' creator='eTeks' catalogId='eTeks#oldWoodenFloor' width='26.9' height='26.9' image='59'/>
    <point x='1.4999695' y='699.6342'/>
    <point x='211.49994' y='699.6342'/>
    <point x='311.5' y='799.6342'/>
    <point x='311.5' y='939.6342'/>
    <point x='211.49994' y='1039.6343'/>
    <point x='1.4999695' y='1039.6343'/>
  </room>
  <room id='room-19c33c41-5022-434f-9141-73c713674901' level='level-d0beae08-393c-4758-a2cb-07afbd31052d' areaVisible='true' ceilingVisible='false'>
    <texture attribute='floorTexture' name='Azulejos Rojos' creator='eTeks' catalogId='eTeks#redTiles' width='40.0' height='40.0' image='60'/>
    <point x='1.1296387' y='701.7083'/>
    <point x='211.12961' y='701.7083'/>
    <point x='311.12967' y='801.7083'/>
    <point x='311.12967' y='941.7084'/>
    <point x='211.12961' y='1041.7079'/>
    <point x='1.1296387' y='1041.7081'/>
  </room>
  <room id='room-8223dfba-0d78-473c-ae1b-e7c695e42556' level='level-3fcfc279-1906-4183-93f5-9eb90b1a1fae' areaVisible='true' ceilingVisible='false'>
    <texture attribute='floorTexture' name='Piso de Madera Vieja' creator='eTeks' catalogId='eTeks#oldWoodenFloor' width='26.9' height='26.9' image='59'/>
    <point x='161.58435' y='699.8317'/>
    <point x='161.58435' y='619.8317'/>
    <point x='1.5843506' y='619.8317'/>
    <point x='1.5843506' y='699.8317'/>
  </room>
  <room id='room-5c7e7595-93be-4908-bf35-79f89c858ce0' level='level-3fcfc279-1906-4183-93f5-9eb90b1a1fae' areaVisible='true' ceilingVisible='false'>
    <texture attribute='floorTexture' name='Guijarros' creator='eTeks' catalogId='eTeks#pebbles' width='20.0' height='20.0' image='61'/>
    <point x='1.5843506' y='619.8317'/>
    <point x='-401.83368' y='618.807'/>
    <point x='-401.83368' y='18.807068'/>
    <point x='298.16632' y='18.807068'/>
    <point x='298.16632' y='318.80707'/>
  </room>
  <room id='room-b7e632b5-14d0-4e22-8e50-afa97eee8ff8' level='level-3fcfc279-1906-4183-93f5-9eb90b1a1fae' areaVisible='true' ceilingVisible='false'>
    <texture attribute='floorTexture' name='Hierba' creator='eTeks' catalogId='eTeks#grass' width='30.0' height='30.0' image='62'/>
    <point x='298.16632' y='18.807068'/>
    <point x='598.1663' y='18.807068'/>
    <point x='598.1663' y='318.80707'/>
    <point x='161.58435' y='619.8317'/>
    <point x='1.5843506' y='619.8317'/>
    <point x='298.16632' y='318.80707'/>
  </room>
  <room id='room-ce6b70c3-6238-4e60-93ae-f01fceac4e96' level='level-77907566-383f-4c14-819b-2d3260b4b452' areaVisible='true' ceilingVisible='false'>
    <texture attribute='floorTexture' name='Piso de Madera' creator='eTeks' catalogId='eTeks#woodenFloor' width='42.5' height='42.5' image='63'/>
    <point x='4.0370483' y='1068.4651'/>
    <point x='207.57263' y='1068.4651'/>
    <point x='339.8106' y='936.2271'/>
    <point x='339.8106' y='803.15607'/>
    <point x='207.57257' y='670.918'/>
    <point x='6.5370483' y='670.918'/>
  </room>
  <room id='room-3959a7e1-4137-4d3e-b7da-cf01842f498a' level='level-d0beae08-393c-4758-a2cb-07afbd31052d' areaVisible='true' ceilingVisible='false'>
    <texture attribute='floorTexture' name='Baldosa' creator='eTeks' catalogId='eTeks#pavingStone' width='42.3' height='30.0' image='64'/>
    <point x='598.1663' y='243.13174'/>
    <point x='718.1663' y='243.13174'/>
    <point x='718.1663' y='699.6342'/>
    <point x='471.34906' y='941.6317'/>
    <point x='311.12967' y='941.7084'/>
    <point x='311.12967' y='801.7083'/>
    <point x='384.66876' y='728.1692'/>
    <point x='384.66876' y='619.8317'/>
    <point x='600.22186' y='324.6873'/>
  </room>
</home>