<?xml version='1.0'?>
<home version='7000' exportFlags='17' name='EchoPlataforma2021.sh3d' camera='topCamera' selectedLevel='level0' wallHeight='250.0'>
  <environment groundColor='00A8A8A8' skyColor='00CCE4FC' lightColor='00D0D0D0' allLevelsVisible='true'/>
  <observerCamera attribute='observerCamera' lens='PINHOLE' x='50.0' y='50.0' z='170.0' yaw='5.4977875' pitch='0.19634955' fieldOfView='1.0995575' time='1628596800000' fixedSize='true'/>
  <camera attribute='topCamera' lens='PINHOLE' x='1490.4773' y='73.197784' z='690.07355' yaw='1.3916072' pitch='0.32000005' fieldOfView='1.0995575' time='1628586000577'/>
  <level id='level0' name='Nivel 0' elevation='0.0' floorThickness='12.0' height='250.0' elevationIndex='0'/>
  <level id='level1' name='Piso' elevation='270.0' floorThickness='1.0' height='250.0' elevationIndex='0'/>
  <pieceOfFurniture level='level0' name='EchoPlataforma__2021' model='1/EchoPlataforma__2021.obj' x='287.7' y='291.0592' width='628.4' depth='635.0' height='266.80002' color='FF383838' modelRotation='0 1 0 0 0 1 1 0 0' modelSize='164278'/>
  <pieceOfFurniture level='level1' catalogId='eTeks#toiletUnit' name='Inodoro' creator='eTeks' model='3' x='137.5' y='545.5592' angle='3.1415927' width='40.0' depth='80.0' height='62.0' modelSize='125874' movable='false'/>
  <pieceOfFurniture level='level1' catalogId='eTeks#shower' name='Plato de ducha' creator='eTeks' model='5' x='56.500004' y='523.8925' angle='3.1415927' width='80.0' depth='128.0' height='211.0' modelSize='21504' movable='false'/>
  <pieceOfFurniture level='level1' catalogId='eTeks#washbasinWithCabinet' name='Armario lavabo' creator='eTeks' model='7' x='205.16666' y='558.0592' angle='3.1415927' width='62.0' depth='57.0' height='97.0' modelSize='66142' movable='false'/>
  <pieceOfFurniture level='level1' catalogId='eTeks#bed' name='Cama' creator='eTeks' model='9' x='114.46666' y='217.44257' angle='4.712389' width='144.6' depth='193.1' height='52.8' modelSize='24868'/>
  <pieceOfFurniture level='level1' catalogId='eTeks#bedsideTable' name='Mesita' creator='eTeks' model='11' x='35.166656' y='115.89256' width='38.0' depth='38.0' height='50.0' modelSize='2243'/>
  <pieceOfFurniture level='level1' catalogId='eTeks#bedsideTable' name='Mesita' creator='eTeks' model='11' x='35.166656' y='321.89258' width='38.0' depth='38.0' height='50.0' modelSize='2243'/>
  <pieceOfFurniture level='level1' name='campingTent' model='13/campingTent.obj' x='154.19565' y='214.98654' angle='4.712389' width='300.0' depth='300.0' height='200.0' modelSize='217127'/>
  <pieceOfFurniture level='level1' name='jacuzzi' model='15/jacuzzi.obj' x='481.6667' y='519.0' angle='1.5707964' width='130.0' depth='200.0' height='80.0' modelSize='445631'/>
  <pieceOfFurniture level='level1' name='barnum' model='17/barnum.obj' x='182.66666' y='225.47357' width='350.0' depth='350.0' height='300.0' color='FF693C00' modelSize='41029'/>
  <pieceOfFurniture level='level1' name='deckChair' model='19/deckChair.obj' x='486.0' y='378.00003' angle='4.712389' width='60.0' depth='120.0' height='80.0' modelSize='128525'/>
  <pieceOfFurniture level='level1' name='deckChair' model='19/deckChair.obj' x='484.0' y='278.0' angle='4.712389' width='60.0' depth='120.0' height='80.0' modelSize='128525'/>
  <pieceOfFurniture level='level1' catalogId='eTeks#bedsideTable' name='Mesita' creator='eTeks' model='11' x='478.5' y='327.0' width='38.0' depth='38.0' height='50.0' modelSize='2243'/>
  <pieceOfFurniture level='level1' name='gardenUmbrella' model='21/gardenUmbrella.obj' x='457.66666' y='328.66666' width='200.0' depth='200.0' height='220.00002' modelSize='119588'/>
  <doorOrWindow level='level1' catalogId='eTeks#doorFrame' name='Marco puerta' creator='eTeks' model='23' x='251.49992' y='487.9759' angle='4.712389' width='70.0' depth='9.50075' height='200.0' modelSize='1281' movable='false' cutOutShape='M0,0 v1 h1 v-1 z' wallCutOutOnBothSides='true'/>
  <pieceOfFurniture level='level1' catalogId='eTeks#railing' name='Barandilla' creator='eTeks' model='25' x='335.89996' y='596.7259' elevation='10.0' width='140.0' depth='5.0' height='90.0' color='FF383838' modelSize='6781' movable='false'/>
  <pieceOfFurniture level='level1' catalogId='eTeks#railing' name='Barandilla' creator='eTeks' model='25' x='453.09998' y='596.7259' elevation='10.0' width='94.4' depth='5.0' height='90.0' color='FF383838' modelSize='6781' movable='false'/>
  <pieceOfFurniture level='level1' catalogId='eTeks#railing' name='Barandilla' creator='eTeks' model='25' x='547.5' y='596.7259' elevation='10.0' width='94.4' depth='5.0' height='90.0' color='FF383838' modelSize='6781' movable='false'/>
  <pieceOfFurniture level='level1' catalogId='eTeks#railing' name='Barandilla' creator='eTeks' model='25' x='594.8334' y='542.0592' elevation='10.0' angle='4.712389' width='94.4' depth='5.0' height='90.0' color='FF383838' modelSize='6781' movable='false'/>
  <pieceOfFurniture level='level1' catalogId='eTeks#railing' name='Barandilla' creator='eTeks' model='25' x='594.7001' y='447.6592' elevation='10.0' angle='4.712389' width='94.4' depth='5.0' height='90.0' color='FF383838' modelSize='6781' movable='false'/>
  <pieceOfFurniture level='level1' catalogId='eTeks#railing' name='Barandilla' creator='eTeks' model='25' x='594.7' y='256.99252' elevation='10.0' angle='4.712389' width='94.4' depth='5.0' height='90.0' color='FF383838' modelSize='6781' movable='false'/>
  <pieceOfFurniture level='level1' catalogId='eTeks#railing' name='Barandilla' creator='eTeks' model='25' x='594.8333' y='351.39252' elevation='10.0' angle='4.712389' width='94.4' depth='5.0' height='90.0' color='FF383838' modelSize='6781' movable='false'/>
  <pieceOfFurniture level='level1' catalogId='eTeks#railing' name='Barandilla' creator='eTeks' model='25' x='594.7001' y='63.65921' elevation='10.0' angle='4.712389' width='94.4' depth='5.0' height='90.0' color='FF383838' modelSize='6781' movable='false'/>
  <pieceOfFurniture level='level1' catalogId='eTeks#railing' name='Barandilla' creator='eTeks' model='25' x='594.8334' y='158.0592' elevation='10.0' angle='4.712389' width='94.4' depth='5.0' height='90.0' color='FF383838' modelSize='6781' movable='false'/>
  <pieceOfFurniture level='level1' catalogId='eTeks#railing' name='Barandilla' creator='eTeks' model='25' x='554.16675' y='6.059204' elevation='10.0' width='80.0' depth='5.0' height='90.0' color='FF383838' modelSize='6781' movable='false'/>
  <pieceOfFurniture level='level1' catalogId='eTeks#railing' name='Barandilla' creator='eTeks' model='25' x='396.83337' y='6.0592117' elevation='10.0' width='80.0' depth='5.0' height='90.0' color='FF383838' modelSize='6781' movable='false'/>
  <pieceOfFurniture level='level1' catalogId='eTeks#plant' name='Planta' creator='eTeks' model='27' x='52.5' y='25.473572' width='58.0' depth='50.0' height='82.0' modelSize='113183'/>
  <pieceOfFurniture level='level1' catalogId='eTeks#plant' name='Planta' creator='eTeks' model='27' x='53.833324' y='418.80917' angle='3.1415927' width='58.0' depth='50.0' height='82.0' modelSize='113183'/>
  <pieceOfFurniture level='level1' catalogId='eTeks#plant' name='Planta' creator='eTeks' model='27' x='560.5' y='33.559204' width='60.000004' depth='60.000004' height='150.0' modelSize='113183'/>
  <pieceOfFurniture level='level1' catalogId='eTeks#plant' name='Planta' creator='eTeks' model='27' x='280.25' y='565.2259' angle='4.712389' width='60.000004' depth='60.000004' height='150.0' modelSize='113183'/>
  <pieceOfFurniture level='level1' name='folding-table' model='29/folding-table.obj' x='572.3334' y='136.0' angle='4.712389' width='140.0' depth='40.0' height='90.0' modelSize='301244'/>
  <pieceOfFurniture level='level1' catalogId='eTeks#stool' name='Taburete' creator='eTeks' model='31' x='542.1667' y='110.225876' width='40.0' depth='40.0' height='60.000004' modelSize='19756'/>
  <pieceOfFurniture level='level1' catalogId='eTeks#stool' name='Taburete' creator='eTeks' model='31' x='546.1667' y='162.22586' width='40.0' depth='40.0' height='60.0' modelSize='19756'/>
  <pieceOfFurniture level='level1' name='mannequinBrunette' model='33/mannequinBrunette.obj' x='501.7675' y='179.69379' angle='4.712389' width='56.86823' depth='26.054266' height='170.00002' modelSize='1465221'/>
  <pieceOfFurniture level='level1' name='mannequinMale' model='35/mannequinMale.obj' x='374.00055' y='213.66722' angle='4.712389' width='68.10857' depth='32.66776' height='180.0' modelSize='1365749'/>
  <wall id='wall0' level='level1' wallAtEnd='wall1' xStart='1.5' yStart='597.5592' xEnd='251.5' yEnd='597.5592' height='200.0' thickness='7.5' pattern='hatchUp'>
    <texture attribute='leftSideTexture' name='bambu' width='430.0' height='251.95312' image='37'/>
    <texture attribute='rightSideTexture' name='bambu' width='430.0' height='251.95312' image='37'/>
  </wall>
  <wall id='wall1' level='level1' wallAtStart='wall0' wallAtEnd='wall2' xStart='251.5' yStart='597.5592' xEnd='251.5' yEnd='447.5592' height='200.0' thickness='7.5' pattern='hatchUp'>
    <texture attribute='leftSideTexture' name='bambu' width='430.0' height='251.95312' image='37'/>
    <texture attribute='rightSideTexture' name='bambu' width='430.0' height='251.95312' image='37'/>
  </wall>
  <wall id='wall2' level='level1' wallAtStart='wall1' wallAtEnd='wall3' xStart='251.5' yStart='447.5592' xEnd='1.5' yEnd='447.55917' height='200.0' thickness='7.5' pattern='hatchUp'>
    <texture attribute='leftSideTexture' name='bambu' width='430.0' height='251.95312' image='37'/>
    <texture attribute='rightSideTexture' name='bambu' width='430.0' height='251.95312' image='37'/>
  </wall>
  <wall id='wall3' level='level1' wallAtStart='wall2' xStart='1.5' yStart='447.55917' xEnd='1.4999943' yEnd='597.5592' height='200.0' thickness='7.5' pattern='hatchUp'>
    <texture attribute='leftSideTexture' name='bambu' width='430.0' height='251.95312' image='37'/>
    <texture attribute='rightSideTexture' name='bambu' width='430.0' height='251.95312' image='37'/>
  </wall>
  <wall id='wall4' level='level1' wallAtEnd='wall5' xStart='1.5' yStart='447.5592' xEnd='1.5' yEnd='-3.440796' height='200.0' thickness='7.5' pattern='hatchUp'>
    <texture attribute='leftSideTexture' name='bambu' width='430.0' height='251.95312' image='37'/>
    <texture attribute='rightSideTexture' name='bambu' width='430.0' height='251.95312' image='37'/>
  </wall>
  <wall id='wall5' level='level1' wallAtStart='wall4' xStart='1.5' yStart='-3.440796' xEnd='351.5' yEnd='-3.440796' height='200.0' thickness='7.5' pattern='hatchUp'>
    <texture attribute='leftSideTexture' name='bambu' width='430.0' height='251.95312' image='37'/>
    <texture attribute='rightSideTexture' name='bambu' width='430.0' height='251.95312' image='37'/>
  </wall>
  <room id='room-99fb4e1a-a165-40bc-b9cc-02715fbf5cf3' level='level0' areaVisible='true' ceilingVisible='false'>
    <point x='-0.5' y='1.5592213'/>
    <point x='599.5' y='1.5592213'/>
    <point x='599.5' y='601.5592'/>
    <point x='-0.5' y='601.55927'/>
  </room>
  <room id='room-93fc9836-5d45-491d-b649-3345f02bc0a0' level='level1' areaVisible='true' ceilingVisible='false'>
    <texture attribute='floorTexture' name='Azulejos Beige' creator='eTeks' catalogId='eTeks#beigeTile' width='20.0' height='20.0' image='36'/>
    <point x='-0.5' y='1.5592213'/>
    <point x='599.5' y='1.5592213'/>
    <point x='599.5' y='601.5592'/>
    <point x='-0.5' y='601.55927'/>
  </room>
</home>