<?xml version='1.0'?>
<home version='7000' exportFlags='17' name='EchoParche2021.sh3d' camera='topCamera' selectedLevel='level-9894559b-6cf7-4dc1-b1f4-40bac82ae8a7' wallHeight='250.0'>
  <environment groundColor='00A8A8A8' skyColor='00CCE4FC' lightColor='00D0D0D0' allLevelsVisible='true'/>
  <observerCamera attribute='observerCamera' lens='PINHOLE' x='50.0' y='50.0' z='230.0' yaw='5.4977875' pitch='0.19634955' fieldOfView='1.0995575' time='1628164800000' fixedSize='true'/>
  <camera attribute='topCamera' lens='PINHOLE' x='1116.2079' y='475.56485' z='701.1271' yaw='1.5415562' pitch='0.50999993' fieldOfView='1.0995575' time='1628150400476'/>
  <level id='level-436d8c8d-9342-4961-b4c9-53bd655236be' name='Baño' elevation='0.0' floorThickness='12.0' height='250.0' elevationIndex='0'/>
  <level id='level-9894559b-6cf7-4dc1-b1f4-40bac82ae8a7' name='Carpa' elevation='60.0' floorThickness='6.0' height='250.0' elevationIndex='0'/>
  <level id='level-cc6f9c23-ab04-440a-82c8-7cce78317348' name='Spa' elevation='180.0' floorThickness='6.0' height='250.0' elevationIndex='0'/>
  <pieceOfFurniture level='level-436d8c8d-9342-4961-b4c9-53bd655236be' catalogId='eTeks#shower' name='Plato de ducha' creator='eTeks' model='1' x='68.08334' y='904.72687' angle='3.1415927' width='115.0' depth='171.0' height='211.0' modelSize='21504' movable='false'/>
  <pieceOfFurniture level='level-436d8c8d-9342-4961-b4c9-53bd655236be' catalogId='eTeks#washbasinWithCabinet' name='Armario lavabo' creator='eTeks' model='3' x='249.83331' y='968.13617' angle='3.1415927' width='62.0' depth='57.0' height='97.0' modelSize='66142' movable='false'/>
  <pieceOfFurniture level='level-436d8c8d-9342-4961-b4c9-53bd655236be' catalogId='eTeks#toiletUnit' name='Inodoro' creator='eTeks' model='5' x='167.16666' y='956.63617' angle='3.1415927' width='40.0' depth='80.0' height='62.0' modelSize='125874' movable='false'/>
  <pieceOfFurniture level='level-9894559b-6cf7-4dc1-b1f4-40bac82ae8a7' catalogId='eTeks#bed' name='Cama' creator='eTeks' model='7' x='145.8' y='600.11017' angle='4.712389' width='144.6' depth='193.1' height='52.8' modelSize='24868'/>
  <pieceOfFurniture level='level-9894559b-6cf7-4dc1-b1f4-40bac82ae8a7' catalogId='eTeks#bedsideTable' name='Mesita' creator='eTeks' model='9' x='68.5' y='498.56018' width='38.0' depth='38.0' height='50.0' modelSize='2243'/>
  <pieceOfFurniture level='level-9894559b-6cf7-4dc1-b1f4-40bac82ae8a7' catalogId='eTeks#bedsideTable' name='Mesita' creator='eTeks' model='9' x='68.5' y='700.5602' width='38.0' depth='38.0' height='50.0' modelSize='2243'/>
  <pieceOfFurniture level='level-9894559b-6cf7-4dc1-b1f4-40bac82ae8a7' catalogId='eTeks#staircase' name='Escalera' creator='eTeks' model='11' x='249.5' y='354.56018' width='100.0' depth='100.0' height='160.0' modelSize='13868' movable='false' staircaseCutOutShape='M0,0 v1 h1 v-1 z'/>
  <pieceOfFurniture level='level-436d8c8d-9342-4961-b4c9-53bd655236be' catalogId='eTeks#staircase' name='Escalera' creator='eTeks' model='11' x='343.75' y='851.8935' width='100.0' depth='100.0' height='80.0' modelSize='13868' movable='false' staircaseCutOutShape='M0,0 v1 h1 v-1 z'/>
  <pieceOfFurniture level='level-9894559b-6cf7-4dc1-b1f4-40bac82ae8a7' catalogId='eTeks#staircase' name='Escalera' creator='eTeks' model='11' x='399.5' y='55.31018' width='200.0' depth='100.0' height='160.0' modelSize='13868' movable='false' staircaseCutOutShape='M0,0 v1 h1 v-1 z'/>
  <pieceOfFurniture level='level-436d8c8d-9342-4961-b4c9-53bd655236be' catalogId='eTeks#staircase' name='Escalera' creator='eTeks' model='11' x='451.25' y='850.5602' width='100.0' depth='100.0' height='80.0' modelSize='13868' movable='false' staircaseCutOutShape='M0,0 v1 h1 v-1 z'/>
  <pieceOfFurniture level='level-cc6f9c23-ab04-440a-82c8-7cce78317348' name='jacuzzi' model='21/jacuzzi.obj' x='137.5' y='77.99988' width='200.0' depth='120.0' height='60.0' modelSize='385768'/>
  <pieceOfFurniture level='level-cc6f9c23-ab04-440a-82c8-7cce78317348' name='deckChair' model='23/deckChair.obj' x='101.843506' y='336.6457' angle='4.712389' width='60.0' depth='120.0' height='80.0' modelSize='78650'/>
  <pieceOfFurniture level='level-cc6f9c23-ab04-440a-82c8-7cce78317348' name='deckChair' model='23/deckChair.obj' x='100.843506' y='202.64569' angle='4.712389' width='60.0' depth='120.0' height='80.0' modelSize='78650'/>
  <pieceOfFurniture level='level-cc6f9c23-ab04-440a-82c8-7cce78317348' catalogId='eTeks#bedsideTable' name='Mesita' creator='eTeks' model='9' x='67.5' y='272.6457' angle='1.5707964' width='38.0' depth='38.0' height='50.0' modelSize='2243'/>
  <pieceOfFurniture level='level-9894559b-6cf7-4dc1-b1f4-40bac82ae8a7' name='campingTent' model='25/campingTent.obj' x='151.25' y='606.8935' angle='4.712389' width='300.0' depth='300.0' height='200.0' modelSize='88179'/>
  <pieceOfFurniture level='level-9894559b-6cf7-4dc1-b1f4-40bac82ae8a7' catalogId='eTeks#mannequin' name='Maniquí' creator='eTeks' model='27/mannequin.obj' x='281.5' y='613.91016' width='44.0' depth='52.7' height='175.0' modelSize='133023'/>
  <wall id='wall-67c88cf2-8834-461a-b3b5-74114f74b0dd' level='level-cc6f9c23-ab04-440a-82c8-7cce78317348' xStart='-2.5' yStart='1.5601807' xEnd='297.5' yEnd='1.5601807' height='250.0' thickness='7.5' pattern='hatchUp'>
    <texture attribute='leftSideTexture' name='bambu' width='430.0' height='251.95312' image='31'/>
    <texture attribute='rightSideTexture' name='bambu' width='430.0' height='251.95312' image='31'/>
  </wall>
  <wall id='wall-460104bc-aa45-492a-9874-3e0366db3339' level='level-cc6f9c23-ab04-440a-82c8-7cce78317348' xStart='-2.5' yStart='402.38617' xEnd='-2.5000174' yEnd='1.5601807' height='250.0' thickness='7.5' pattern='hatchUp'>
    <texture attribute='leftSideTexture' name='bambu' width='430.0' height='251.95312' image='31'/>
    <texture attribute='rightSideTexture' name='bambu' width='430.0' height='251.95312' image='31'/>
  </wall>
  <wall id='wall-63d7c244-0f1f-4fa9-8747-daebc7800103' level='level-9894559b-6cf7-4dc1-b1f4-40bac82ae8a7' wallAtStart='wall-7ae7f2ca-102e-4429-9a31-caf1ed52d02a' xStart='-2.5' yStart='400.38617' xEnd='-2.5' yEnd='800.38617' height='250.0' thickness='7.5' pattern='hatchUp'>
    <texture attribute='leftSideTexture' name='bambu' width='430.0' height='251.95312' image='31'/>
    <texture attribute='rightSideTexture' name='bambu' width='430.0' height='251.95312' image='31'/>
  </wall>
  <wall id='wall-b3e7631f-0af2-4383-84b3-91baa606dbc0' level='level-436d8c8d-9342-4961-b4c9-53bd655236be' wallAtEnd='wall-5cc92a35-f689-4417-829d-6539082925bd' xStart='-2.5' yStart='800.38617' xEnd='-2.5' yEnd='1000.38617' height='250.0' thickness='7.5' pattern='hatchUp'>
    <texture attribute='leftSideTexture' name='bambu' width='430.0' height='251.95312' image='31'/>
    <texture attribute='rightSideTexture' name='bambu' width='430.0' height='251.95312' image='31'/>
  </wall>
  <wall id='wall-5cc92a35-f689-4417-829d-6539082925bd' level='level-436d8c8d-9342-4961-b4c9-53bd655236be' wallAtStart='wall-b3e7631f-0af2-4383-84b3-91baa606dbc0' wallAtEnd='wall-dda0481e-0fa6-4fc7-b7a5-daa0b32b7624' xStart='-2.5' yStart='1000.38617' xEnd='397.5' yEnd='1000.38617' height='250.0' thickness='7.5' pattern='hatchUp'>
    <texture attribute='leftSideTexture' name='bambu' width='430.0' height='251.95312' image='31'/>
    <texture attribute='rightSideTexture' name='bambu' width='430.0' height='251.95312' image='31'/>
  </wall>
  <wall id='wall-dda0481e-0fa6-4fc7-b7a5-daa0b32b7624' level='level-436d8c8d-9342-4961-b4c9-53bd655236be' wallAtStart='wall-5cc92a35-f689-4417-829d-6539082925bd' wallAtEnd='wall-b37cada0-29ad-47e6-9043-779e8541a17d' xStart='397.5' yStart='1000.38617' xEnd='397.5' yEnd='800.38617' height='250.0' thickness='7.5' pattern='hatchUp'>
    <texture attribute='leftSideTexture' name='bambu' width='430.0' height='251.95312' image='31'/>
    <texture attribute='rightSideTexture' name='bambu' width='430.0' height='251.95312' image='31'/>
  </wall>
  <wall id='wall-7ae7f2ca-102e-4429-9a31-caf1ed52d02a' level='level-9894559b-6cf7-4dc1-b1f4-40bac82ae8a7' wallAtStart='wall-63d7c244-0f1f-4fa9-8747-daebc7800103' xStart='-2.5' yStart='400.38617' xEnd='197.5' yEnd='400.38617' height='120.0' thickness='7.5' pattern='hatchUp'>
    <texture attribute='leftSideTexture' name='Baldosa' creator='eTeks' catalogId='eTeks#pavingStone' width='42.3' height='30.0' image='32'/>
    <texture attribute='rightSideTexture' name='Baldosa' creator='eTeks' catalogId='eTeks#pavingStone' width='42.3' height='30.0' image='32'/>
  </wall>
  <wall id='wall-4991aab5-66e0-4606-a3bd-848914b2735c' level='level-9894559b-6cf7-4dc1-b1f4-40bac82ae8a7' xStart='299.5' yStart='303.56018' xEnd='299.5' yEnd='3.5601807' height='120.0' thickness='7.5' pattern='hatchUp'>
    <texture attribute='leftSideTexture' name='Baldosa' creator='eTeks' catalogId='eTeks#pavingStone' width='42.3' height='30.0' image='32'/>
    <texture attribute='rightSideTexture' name='Baldosa' creator='eTeks' catalogId='eTeks#pavingStone' width='42.3' height='30.0' image='32'/>
  </wall>
  <wall id='wall-e5b9d87f-555f-480d-b758-444d666a410b' level='level-436d8c8d-9342-4961-b4c9-53bd655236be' xStart='-2.5' yStart='800.38617' xEnd='147.5' yEnd='800.38617' height='60.0' thickness='7.5' pattern='hatchUp'>
    <texture attribute='leftSideTexture' name='Baldosa' creator='eTeks' catalogId='eTeks#pavingStone' width='42.3' height='30.0' image='32'/>
    <texture attribute='rightSideTexture' name='Baldosa' creator='eTeks' catalogId='eTeks#pavingStone' width='42.3' height='30.0' image='32'/>
  </wall>
  <wall id='wall-b37cada0-29ad-47e6-9043-779e8541a17d' level='level-436d8c8d-9342-4961-b4c9-53bd655236be' wallAtStart='wall-dda0481e-0fa6-4fc7-b7a5-daa0b32b7624' xStart='397.5' yStart='800.38617' xEnd='247.5' yEnd='800.38617' height='60.0' thickness='7.5' pattern='hatchUp'>
    <texture attribute='leftSideTexture' name='Baldosa' creator='eTeks' catalogId='eTeks#pavingStone' width='42.3' height='30.0' image='32'/>
    <texture attribute='rightSideTexture' name='Baldosa' creator='eTeks' catalogId='eTeks#pavingStone' width='42.3' height='30.0' image='32'/>
  </wall>
  <room id='room-6adf1785-52c3-4d6c-b5a0-bca5bc2cd69d' level='level-436d8c8d-9342-4961-b4c9-53bd655236be' areaVisible='true' ceilingVisible='false'>
    <texture attribute='floorTexture' name='Azulejos Rojos' creator='eTeks' width='40.0' height='40.0' image='28'/>
    <point x='-0.5' y='1001.5602'/>
    <point x='-0.5' y='801.5602'/>
    <point x='399.5' y='801.5602'/>
    <point x='399.5' y='1001.5602'/>
  </room>
  <room id='room-a9f5c7ad-96aa-40f5-8f5d-806016a52779' level='level-9894559b-6cf7-4dc1-b1f4-40bac82ae8a7' areaVisible='true' ceilingVisible='false'>
    <texture attribute='floorTexture' name='Hierba' creator='eTeks' width='30.0' height='30.0' image='29'/>
    <point x='-0.5' y='801.5602'/>
    <point x='-0.5' y='401.56018'/>
    <point x='399.5' y='401.56018'/>
    <point x='399.49997' y='801.5602'/>
  </room>
  <room id='room-eb4176f9-c522-4c4a-8e4a-8d5648ef82d9' level='level-cc6f9c23-ab04-440a-82c8-7cce78317348' areaVisible='true' ceilingVisible='false'>
    <texture attribute='floorTexture' name='Guijarros' creator='eTeks' width='20.0' height='20.0' image='30'/>
    <point x='-0.5' y='1.5601807'/>
    <point x='-0.5' y='401.56018'/>
    <point x='299.5' y='401.56018'/>
    <point x='299.49997' y='1.5601807'/>
  </room>
  <room id='room-8dd905c4-56b9-4e38-851d-fc817813d057' level='level-9894559b-6cf7-4dc1-b1f4-40bac82ae8a7' areaVisible='true' ceilingVisible='false'>
    <texture attribute='floorTexture' name='Hierba' creator='eTeks' width='30.0' height='30.0' image='29'/>
    <point x='299.5' y='100.38617'/>
    <point x='399.49997' y='100.38617'/>
    <point x='399.49997' y='400.38617'/>
    <point x='299.5' y='400.38617'/>
  </room>
  <room id='room-511a1b01-fded-4fbb-b076-e39b1c9ee706' level='level-9894559b-6cf7-4dc1-b1f4-40bac82ae8a7' areaVisible='true' ceilingVisible='false'>
    <texture attribute='floorTexture' name='Guijarros' creator='eTeks' width='20.0' height='20.0' image='30'/>
    <point x='399.49997' y='100.38617'/>
    <point x='499.49997' y='100.38617'/>
    <point x='499.49994' y='800.38617'/>
    <point x='399.49997' y='801.5602'/>
  </room>
</home>